id,Final,Attend,Year,Semester,Class,Platform
80001,0.966818182,1.0,2016,Spring,102,Aplia
99036,0.7290909090000001,0.72,2016,Spring,102,Aplia
80524,0.8547727270000001,1.0,2016,Spring,102,Aplia
84246,0.596590909,0.8,2016,Spring,102,Aplia
28180,0.689090909,0.96,2016,Spring,102,Aplia
39763,0.573409091,0.64,2016,Spring,102,Aplia
49676,0.878409091,0.68,2016,Spring,102,Aplia
48124,0.9056818179999999,0.92,2016,Spring,102,Aplia
13116,0.5575,0.72,2016,Spring,102,Aplia
21174,0.860454545,0.96,2016,Spring,102,Aplia
06602,0.8115909090000001,0.52,2016,Spring,102,Aplia
35935,0.6338636360000001,1.0,2016,Spring,102,Aplia
92132,0.892954545,0.92,2016,Spring,102,Aplia
74972,0.879545455,0.96,2016,Spring,102,Aplia
75678,0.522272727,0.92,2016,Spring,102,Aplia
06941,0.94,0.56,2016,Spring,102,Aplia
47811,0.868409091,0.96,2016,Spring,102,Aplia
05732,0.804772727,0.72,2016,Spring,102,Aplia
87674,0.9384090909999999,0.92,2016,Spring,102,Aplia
70379,0.9256818179999999,1.0,2016,Spring,102,Aplia
20273,0.524090909,0.72,2016,Spring,102,Aplia
89659,0.758863636,0.96,2016,Spring,102,Aplia
35783,0.3675,0.52,2016,Spring,102,Aplia
94353,0.827272727,0.56,2016,Spring,102,Aplia
06658,0.805227273,0.88,2016,Spring,102,Aplia
81270,0.627272727,0.84,2016,Spring,102,Aplia
31002,0.512272727,0.76,2016,Spring,102,Aplia
24410,0.542727273,0.72,2016,Spring,102,Aplia
85577,0.459545455,0.24,2016,Spring,102,Aplia
26235,0.862954545,0.96,2016,Spring,102,Aplia
26402,0.3175,0.64,2016,Spring,102,Aplia
92187,0.9,0.92,2016,Spring,102,Aplia
88468,0.851136364,0.88,2016,Spring,102,Aplia
05328,0.593863636,0.88,2016,Spring,102,Aplia
86433,0.642727273,0.44,2016,Spring,102,Aplia
92121,0.498863636,0.84,2016,Spring,102,Aplia
40025,0.817954545,0.96,2016,Spring,102,Aplia
85016,0.501590909,0.92,2016,Spring,102,Aplia
86017,0.642045455,0.7307692309999999,2016,Spring,102,Aplia
66297,0.8427272729999999,0.884615385,2016,Spring,102,Aplia
84269,0.747727273,0.884615385,2016,Spring,102,Aplia
28120,0.8175,0.7307692309999999,2016,Spring,102,Aplia
65795,0.896590909,0.923076923,2016,Spring,102,Aplia
27766,0.9688636359999999,0.961538462,2016,Spring,102,Aplia
54304,0.611590909,0.692307692,2016,Spring,102,Aplia
82331,0.6943181820000001,0.961538462,2016,Spring,102,Aplia
83538,0.820454545,0.7692307690000001,2016,Spring,102,Aplia
27673,0.483409091,0.576923077,2016,Spring,102,Aplia
45659,0.9938636359999999,0.576923077,2016,Spring,102,Aplia
66383,0.5875,0.653846154,2016,Spring,102,Aplia
33525,0.562954545,0.846153846,2016,Spring,102,Aplia
48419,0.9543181820000001,1.0,2016,Spring,102,Aplia
15366,0.857727273,1.0,2016,Spring,102,Aplia
88796,0.797727273,1.0,2016,Spring,102,Aplia
82224,0.798636364,1.0,2016,Spring,102,Aplia
90520,0.8809090909999999,0.884615385,2016,Spring,102,Aplia
15752,0.756590909,0.961538462,2016,Spring,102,Aplia
81517,0.7790909090000001,0.923076923,2016,Spring,102,Aplia
55393,0.736136364,0.961538462,2016,Spring,102,Aplia
15636,0.9686363640000001,0.923076923,2016,Spring,102,Aplia
88527,0.893181818,1.0,2016,Spring,102,Aplia
57716,0.873409091,1.0,2016,Spring,102,Aplia
41110,0.485454545,0.846153846,2016,Spring,102,Aplia
46291,0.770454545,0.692307692,2016,Spring,102,Aplia
42116,0.877045455,1.0,2016,Spring,102,Aplia
96922,0.934772727,0.807692308,2016,Spring,102,Aplia
27693,0.620681818,0.7692307690000001,2016,Spring,102,Aplia
46404,0.802045455,0.7307692309999999,2016,Spring,102,Aplia
27772,0.68,0.846153846,2016,Spring,102,Aplia
42206,0.566818182,0.7692307690000001,2016,Spring,102,Aplia
53003,0.8293181820000001,0.923076923,2016,Spring,102,Aplia
95188,0.826818182,0.884615385,2016,Spring,102,Aplia
59951,0.917727273,0.961538462,2016,Spring,102,Aplia
74776,0.8315909090000001,0.538461538,2016,Spring,102,Aplia
46621,0.975454545,1.0,2016,Spring,102,Aplia
15816,0.561818182,0.961538462,2016,Spring,102,Aplia
52840,0.8011363640000001,0.615384615,2016,Spring,102,Aplia
86351,0.713501231,0.958333333,2016,Spring,101,Aplia
28231,0.878339077,1.0,2016,Spring,101,Aplia
71018,0.871693846,0.875,2016,Spring,101,Aplia
30592,0.549859231,0.708333333,2016,Spring,101,Aplia
27781,0.777933538,0.791666667,2016,Spring,101,Aplia
53604,0.718986923,0.875,2016,Spring,101,Aplia
90814,0.873016769,1.0,2016,Spring,101,Aplia
07551,0.856738615,0.75,2016,Spring,101,Aplia
40612,0.790662615,0.958333333,2016,Spring,101,Aplia
92132,0.879768769,0.833333333,2016,Spring,101,Aplia
78474,0.9397741540000001,0.833333333,2016,Spring,101,Aplia
83821,0.32455100000000003,0.45833333299999995,2016,Spring,101,Aplia
38283,0.59733,0.75,2016,Spring,101,Aplia
36746,0.7970907690000001,0.75,2016,Spring,101,Aplia
06941,0.936552462,0.625,2016,Spring,101,Aplia
18325,0.9634652309999999,1.0,2016,Spring,101,Aplia
71766,0.787640615,0.708333333,2016,Spring,101,Aplia
46067,0.862761462,0.833333333,2016,Spring,101,Aplia
50901,0.605622846,0.875,2016,Spring,101,Aplia
34057,0.778313385,0.666666667,2016,Spring,101,Aplia
08124,0.3459,0.875,2016,Spring,101,Aplia
81777,0.7358364620000001,0.875,2016,Spring,101,Aplia
89973,0.939303462,1.0,2016,Spring,101,Aplia
77737,0.7083867690000001,0.958333333,2016,Spring,101,Aplia
46998,0.640883769,1.0,2016,Spring,101,Aplia
64490,0.870556923,0.833333333,2016,Spring,101,Aplia
79024,0.681215846,1.0,2016,Spring,101,Aplia
84662,1.0,0.916666667,2016,Spring,101,Aplia
79631,1.0,1.0,2016,Spring,101,Aplia
58160,0.932606154,0.791666667,2016,Spring,101,Aplia
23811,0.934786,0.916666667,2016,Spring,101,Aplia
50626,0.768333308,0.875,2016,Spring,101,Aplia
21373,0.9435162309999999,0.833333333,2016,Spring,101,Aplia
68968,0.812520308,0.791666667,2016,Spring,101,Aplia
65026,0.821109385,1.0,2016,Spring,101,Aplia
46404,0.845300385,0.833333333,2016,Spring,101,Aplia
36036,0.707021846,0.75,2016,Spring,101,Aplia
67021,0.8344930770000001,0.666666667,2016,Spring,101,Aplia
65595,0.8075320770000001,0.75,2016,Spring,101,Sapling
57554,0.753303077,0.53125,2016,Spring,101,Sapling
55327,0.801051231,0.75,2016,Spring,101,Sapling
87959,0.861613462,0.96875,2016,Spring,101,Sapling
24114,0.908959692,0.53125,2016,Spring,101,Sapling
74674,0.7150442309999999,1.0,2016,Spring,101,Sapling
52240,0.5894560000000001,0.5625,2016,Spring,101,Sapling
49852,0.628400846,0.15625,2016,Spring,101,Sapling
62302,0.785569231,0.8125,2016,Spring,101,Sapling
18684,0.748881692,0.96875,2016,Spring,101,Sapling
60999,0.7267537690000001,0.8125,2016,Spring,101,Sapling
69948,0.808749462,0.6875,2016,Spring,101,Sapling
59727,0.6789362309999999,0.90625,2016,Spring,101,Sapling
22840,0.7052022309999999,0.875,2016,Spring,101,Sapling
25156,0.726327462,0.9375,2016,Spring,101,Sapling
65504,0.6909,0.90625,2016,Spring,101,Sapling
50819,0.7276301540000001,0.9375,2016,Spring,101,Sapling
57437,0.501413308,0.1875,2016,Spring,101,Sapling
63559,0.9312892309999999,0.96875,2016,Spring,101,Sapling
70694,0.766600308,0.46875,2016,Spring,101,Sapling
54590,0.75541,0.9375,2016,Spring,101,Sapling
63204,0.749963846,0.5,2016,Spring,101,Sapling
68609,0.696111154,0.625,2016,Spring,101,Sapling
72416,0.504754,0.4375,2016,Spring,101,Sapling
88248,0.8288832309999999,0.96875,2016,Spring,101,Sapling
59434,0.739866615,0.8125,2016,Spring,101,Sapling
67230,0.768714769,0.9375,2016,Spring,101,Sapling
64508,0.790441231,0.96875,2016,Spring,101,Sapling
51254,0.8657732309999999,1.0,2016,Spring,101,Sapling
64131,0.9506029229999999,0.9375,2016,Spring,101,Sapling
47632,0.922695,0.5625,2016,Spring,101,Sapling
64772,0.808495462,0.96875,2016,Spring,101,Sapling
18943,0.801761615,0.46875,2016,Spring,101,Sapling
59118,0.693004308,0.84375,2016,Spring,101,Sapling
60400,0.7784064620000001,0.90625,2016,Spring,101,Sapling
77939,0.943881231,0.875,2016,Spring,101,Sapling
48725,0.8861635379999999,0.96875,2016,Spring,101,Sapling
67436,0.8912,1.0,2016,Spring,101,Sapling
51747,0.859641385,0.96875,2016,Spring,101,Sapling
62710,0.7509498459999999,0.90625,2016,Spring,101,Sapling
61082,0.777045455,0.947368421,2016,Spring,102,LaunchPad
22634,0.084,0.342105263,2016,Spring,102,LaunchPad
78299,0.7539090909999999,1.0,2016,Spring,102,LaunchPad
28534,0.2635,0.5,2016,Spring,102,LaunchPad
67523,0.3565,0.7894736840000001,2016,Spring,102,LaunchPad
41402,0.601045455,0.894736842,2016,Spring,102,LaunchPad
97273,0.888409091,0.8684210529999999,2016,Spring,102,LaunchPad
27301,0.647454545,0.921052632,2016,Spring,102,LaunchPad
83106,0.741409091,0.894736842,2016,Spring,102,LaunchPad
33341,0.816045455,0.947368421,2016,Spring,102,LaunchPad
79037,0.5637272729999999,0.9736842109999999,2016,Spring,102,LaunchPad
65690,0.7461818179999999,0.947368421,2016,Spring,102,LaunchPad
77905,0.799863636,1.0,2016,Spring,102,LaunchPad
67812,0.770727273,0.9736842109999999,2016,Spring,102,LaunchPad
47068,0.741454545,0.921052632,2016,Spring,102,LaunchPad
37353,0.8923636359999999,0.894736842,2016,Spring,102,LaunchPad
79822,0.789,0.894736842,2016,Spring,102,LaunchPad
42793,0.764,0.947368421,2016,Spring,102,LaunchPad
09831,0.791545455,0.9736842109999999,2016,Spring,102,LaunchPad
77552,0.34831818200000003,0.842105263,2016,Spring,102,LaunchPad
77036,0.834545455,0.947368421,2016,Spring,102,LaunchPad
64114,0.695545455,0.894736842,2016,Spring,102,LaunchPad
97773,0.850545455,0.8684210529999999,2016,Spring,102,LaunchPad
64280,0.9896363640000001,1.0,2016,Spring,102,LaunchPad
83935,0.734727273,0.7894736840000001,2016,Spring,102,LaunchPad
74309,0.493,0.921052632,2016,Spring,102,LaunchPad
22029,0.693045455,0.36842105299999994,2016,Spring,102,LaunchPad
61426,0.772727273,0.9736842109999999,2016,Spring,102,LaunchPad
31998,0.779590909,0.921052632,2016,Spring,102,LaunchPad
76799,0.9926363640000001,0.9736842109999999,2016,Spring,102,LaunchPad
66624,0.44799999999999995,0.552631579,2016,Spring,102,LaunchPad
61673,0.384,0.552631579,2016,Spring,102,LaunchPad
20683,0.69,0.605263158,2016,Spring,102,LaunchPad
43766,0.559454545,0.894736842,2016,Spring,102,LaunchPad
67062,0.7875909090000001,1.0,2016,Spring,102,LaunchPad
11188,0.811045455,0.815789474,2016,Spring,102,LaunchPad
86265,0.8306363640000001,0.736842105,2016,Spring,102,LaunchPad
64197,0.747454545,0.736842105,2016,Spring,102,LaunchPad
52334,0.633636364,0.842105263,2016,Spring,102,LaunchPad
18949,0.663636364,0.9736842109999999,2016,Spring,102,LaunchPad
58572,0.0,0.078947368,2016,Spring,102,LaunchPad
62873,0.763636364,0.947368421,2016,Spring,102,LaunchPad
97222,0.4625,0.921052632,2016,Spring,102,LaunchPad
90801,0.8161363640000001,1.0,2016,Spring,102,LaunchPad
76883,0.878181818,0.842105263,2016,Spring,102,LaunchPad
21134,0.69,0.763157895,2016,Spring,102,LaunchPad
23449,0.733409091,0.7105263159999999,2016,Spring,102,LaunchPad
97773,0.417954545,0.894736842,2016,Spring,102,LaunchPad
50326,0.815,1.0,2016,Spring,102,LaunchPad
27232,0.701818182,0.9736842109999999,2016,Spring,102,LaunchPad
87074,0.400909091,0.736842105,2016,Spring,102,LaunchPad
56815,0.7438636359999999,1.0,2016,Spring,102,LaunchPad
48880,0.627727273,1.0,2016,Spring,102,LaunchPad
06908,0.549545455,0.894736842,2016,Spring,102,LaunchPad
00459,0.8597727270000001,1.0,2016,Spring,102,LaunchPad
29335,0.9040909090000001,0.815789474,2016,Spring,102,LaunchPad
11388,0.8990909090000001,1.0,2016,Spring,102,LaunchPad
96220,0.7136363640000001,0.8684210529999999,2016,Spring,102,LaunchPad
59020,0.7188636359999999,0.8684210529999999,2016,Spring,102,LaunchPad
55108,0.417045455,0.7105263159999999,2016,Spring,102,LaunchPad
39985,0.25,0.15789473699999998,2016,Spring,102,LaunchPad
06215,0.715454545,0.921052632,2016,Spring,102,LaunchPad
44587,0.715454545,0.8684210529999999,2016,Spring,102,LaunchPad
94745,0.9063636359999999,0.947368421,2016,Spring,102,LaunchPad
38537,0.7138636359999999,0.9736842109999999,2016,Spring,102,LaunchPad
08345,0.4125,0.552631579,2016,Spring,102,LaunchPad
90199,0.819545455,0.7894736840000001,2016,Spring,102,LaunchPad
04049,0.6915909090000001,0.7894736840000001,2016,Spring,102,LaunchPad
65837,0.497272727,0.6315789470000001,2016,Spring,102,LaunchPad
44061,0.700454545,0.921052632,2016,Spring,102,LaunchPad
24617,0.9075,0.947368421,2016,Spring,102,LaunchPad
11507,0.701818182,0.815789474,2016,Spring,102,LaunchPad
44141,0.9584090909999999,0.9736842109999999,2016,Spring,102,LaunchPad
13096,0.0725,0.21052631600000002,2016,Spring,102,LaunchPad
06839,0.626363636,1.0,2016,Spring,102,LaunchPad
21542,0.4425,0.184210526,2016,Spring,102,LaunchPad
54285,0.8186363640000001,0.921052632,2016,Spring,102,LaunchPad
13928,0.80875,0.815789474,2016,Spring,102,LaunchPad
82958,0.8138636359999999,1.0,2016,Spring,102,LaunchPad
80271,0.788181818,1.0,2016,Spring,102,LaunchPad
32201,0.0725,0.184210526,2016,Spring,102,LaunchPad
41018,0.605909091,0.684210526,2016,Spring,102,LaunchPad
14238,0.576590909,0.9736842109999999,2016,Spring,102,LaunchPad
14151,0.48,0.815789474,2016,Spring,102,LaunchPad
22027,0.33727272700000005,0.947368421,2016,Spring,102,LaunchPad
38002,0.1675,0.15789473699999998,2016,Spring,102,LaunchPad
22021,0.919772727,0.9736842109999999,2016,Spring,102,LaunchPad
37034,0.847045455,0.947368421,2016,Spring,102,LaunchPad
47654,0.9034090909999999,0.605263158,2016,Spring,102,LaunchPad
98896,0.832045455,0.894736842,2016,Spring,102,LaunchPad
79446,0.4525,0.447368421,2016,Spring,102,LaunchPad
40500,0.691363636,0.947368421,2016,Spring,102,LaunchPad
06869,0.633636364,0.894736842,2016,Spring,102,LaunchPad
09577,0.725454545,0.947368421,2016,Spring,102,LaunchPad
93006,0.9938636359999999,0.9736842109999999,2016,Spring,102,LaunchPad
66156,0.6925,0.9736842109999999,2016,Spring,102,LaunchPad
43364,0.1975,0.21052631600000002,2016,Spring,102,LaunchPad
90311,0.610681818,0.842105263,2016,Spring,102,LaunchPad
32828,0.764318182,0.947368421,2016,Spring,102,LaunchPad
39341,0.791818182,0.842105263,2016,Spring,102,LaunchPad
02691,0.610454545,1.0,2016,Spring,102,LaunchPad
12899,0.691363636,0.763157895,2016,Spring,102,LaunchPad
68775,0.195,0.552631579,2016,Spring,102,LaunchPad
52299,0.7077272729999999,0.921052632,2016,Spring,102,LaunchPad
67827,0.894772727,0.9736842109999999,2016,Spring,102,LaunchPad
58881,0.22,0.131578947,2016,Spring,102,LaunchPad
01087,0.919772727,0.921052632,2016,Spring,102,LaunchPad
01769,0.8868181820000001,0.9736842109999999,2016,Spring,102,LaunchPad
03642,0.2425,0.184210526,2016,Spring,102,LaunchPad
12922,0.715454545,0.9736842109999999,2016,Spring,102,LaunchPad
93375,0.9059090909999999,0.815789474,2016,Spring,102,LaunchPad
87606,0.1075,0.342105263,2016,Spring,102,LaunchPad
90710,0.155,0.236842105,2016,Spring,102,LaunchPad
47060,0.697045455,0.815789474,2016,Spring,102,LaunchPad
73733,0.7388636359999999,0.947368421,2016,Spring,102,LaunchPad
95533,0.898409091,0.842105263,2016,Spring,102,LaunchPad
23734,0.803181818,1.0,2016,Spring,102,LaunchPad
30163,0.318863636,0.684210526,2016,Spring,102,LaunchPad
73736,0.6915909090000001,0.947368421,2016,Spring,102,LaunchPad
57032,0.636136364,0.763157895,2016,Spring,102,LaunchPad
36853,0.692272727,0.7894736840000001,2016,Spring,102,LaunchPad
17614,0.285,0.21052631600000002,2016,Spring,102,LaunchPad
54622,0.7438636359999999,0.842105263,2016,Spring,102,LaunchPad
07662,0.9836363640000001,0.8684210529999999,2016,Spring,102,LaunchPad
06702,0.743409091,0.894736842,2016,Spring,102,LaunchPad
01743,0.205,0.8684210529999999,2016,Spring,102,LaunchPad
60163,0.696818182,0.894736842,2016,Spring,102,LaunchPad
08798,0.822045455,1.0,2016,Spring,102,LaunchPad
93014,0.777106154,0.684210526,2016,Fall,102,EconLab
09805,0.943428571,0.736842105,2016,Fall,102,EconLab
72291,0.741857778,0.6315789470000001,2016,Fall,102,EconLab
93246,0.6927722340000001,0.684210526,2016,Fall,102,EconLab
83469,0.68,0.7105263159999999,2016,Fall,102,EconLab
08407,0.909090794,0.684210526,2016,Fall,102,EconLab
46500,0.558955238,0.5,2016,Fall,102,EconLab
10543,0.342873651,0.473684211,2016,Fall,102,EconLab
14765,0.326061587,0.473684211,2016,Fall,102,EconLab
45136,0.217444444,0.42105263200000004,2016,Fall,102,EconLab
27332,0.597913968,0.657894737,2016,Fall,102,EconLab
32556,0.9576593409999999,0.736842105,2016,Fall,102,EconLab
81914,0.791038657,0.7105263159999999,2016,Fall,102,EconLab
10676,0.912021978,0.552631579,2016,Fall,102,EconLab
70252,0.762459707,0.736842105,2016,Fall,102,EconLab
85262,0.36346031700000003,0.10526315800000001,2016,Fall,102,EconLab
18756,1.0,0.851851852,2016,Fall,101,LaunchPad
74874,0.431126984,0.814814815,2016,Fall,101,LaunchPad
18564,0.68,0.9259259259999999,2016,Fall,101,LaunchPad
21049,0.807285714,0.851851852,2016,Fall,101,LaunchPad
76194,0.696761905,0.7777777779999999,2016,Fall,101,LaunchPad
36613,0.979095238,0.703703704,2016,Fall,101,LaunchPad
14387,0.68,0.444444444,2016,Fall,101,LaunchPad
20771,0.536222222,0.7777777779999999,2016,Fall,101,LaunchPad
36426,0.68,0.962962963,2016,Fall,101,LaunchPad
46941,0.9803333329999999,1.0,2016,Fall,101,LaunchPad
36338,0.045,0.703703704,2016,Fall,101,LaunchPad
33272,0.68,0.62962963,2016,Fall,101,LaunchPad
32574,0.37468254,0.25925925899999996,2016,Fall,101,LaunchPad
07684,0.313111111,0.40740740700000005,2016,Fall,101,LaunchPad
32556,0.995142857,0.962962963,2016,Fall,101,LaunchPad
46008,0.326111111,0.111111111,2016,Fall,101,LaunchPad
91265,0.587888889,0.666666667,2016,Fall,101,LaunchPad
85795,0.8302857140000001,0.9259259259999999,2016,Fall,101,LaunchPad
00616,0.834857143,0.857142857,2016,Fall,101,LaunchPad
86191,0.644238095,0.628571429,2016,Fall,101,LaunchPad
02818,0.77447619,0.8,2016,Fall,101,LaunchPad
83600,0.53747619,0.914285714,2016,Fall,101,LaunchPad
96161,0.844571429,0.914285714,2016,Fall,101,LaunchPad
91360,0.71447619,0.857142857,2016,Fall,101,LaunchPad
84727,0.841095238,0.914285714,2016,Fall,101,LaunchPad
97598,0.737142857,0.8857142859999999,2016,Fall,101,LaunchPad
91171,0.809571429,0.8857142859999999,2016,Fall,101,LaunchPad
02971,0.772093571,0.628571429,2016,Fall,101,LaunchPad
01430,0.5590952379999999,0.828571429,2016,Fall,101,LaunchPad
83015,0.7415714290000001,0.857142857,2016,Fall,101,LaunchPad
59402,0.7474285709999999,0.8857142859999999,2016,Fall,101,LaunchPad
85308,0.718190476,0.914285714,2016,Fall,101,LaunchPad
03678,0.892285714,0.914285714,2016,Fall,101,LaunchPad
90813,0.7910952379999999,1.0,2016,Fall,101,LaunchPad
98748,0.899428571,0.8857142859999999,2016,Fall,101,LaunchPad
96692,0.778333333,0.8857142859999999,2016,Fall,101,LaunchPad
92214,0.766095238,0.685714286,2016,Fall,101,LaunchPad
46222,0.87,0.914285714,2016,Fall,101,LaunchPad
03727,0.8811428570000001,0.8857142859999999,2016,Fall,101,LaunchPad
90495,0.74652381,0.8,2016,Fall,101,LaunchPad
02074,0.8340000000000001,0.914285714,2016,Fall,101,LaunchPad
86727,0.68,0.37142857100000004,2016,Fall,101,LaunchPad
86727,0.8149047620000001,0.771428571,2016,Fall,101,LaunchPad
47183,0.766904762,1.0,2016,Fall,101,LaunchPad
69676,0.8323809520000001,0.942857143,2016,Fall,101,LaunchPad
94696,0.9369047620000001,0.9714285709999999,2016,Fall,101,LaunchPad
86864,0.879809524,0.9714285709999999,2016,Fall,101,LaunchPad
47206,0.858666667,0.828571429,2016,Fall,101,LaunchPad
33758,0.801761905,0.9714285709999999,2016,Fall,101,LaunchPad
74612,0.662714286,0.171428571,2016,Fall,101,LaunchPad
83145,0.948714286,0.9714285709999999,2016,Fall,101,LaunchPad
50987,0.653333333,0.257142857,2016,Fall,101,LaunchPad
86978,0.800333333,0.628571429,2016,Fall,101,LaunchPad
00554,0.612190476,0.7428571429999999,2016,Fall,101,LaunchPad
95914,0.9492857140000001,0.942857143,2016,Fall,101,LaunchPad
96495,0.42448373,0.611111111,2016,Fall,101,LaunchPad
92409,0.819571429,0.583333333,2016,Fall,101,LaunchPad
87078,0.84552381,0.916666667,2016,Fall,101,LaunchPad
53107,0.8722857140000001,0.8888888890000001,2016,Fall,101,LaunchPad
88689,0.285396825,0.472222222,2016,Fall,101,LaunchPad
86241,0.02,0.333333333,2016,Fall,101,LaunchPad
84235,0.919,0.805555556,2016,Fall,101,LaunchPad
90317,0.642095238,0.944444444,2016,Fall,101,LaunchPad
88002,0.939619048,0.944444444,2016,Fall,101,LaunchPad
86495,0.851619048,0.916666667,2016,Fall,101,LaunchPad
91035,0.34863492100000004,0.7222222220000001,2016,Fall,101,LaunchPad
91480,0.8181904759999999,0.916666667,2016,Fall,101,LaunchPad
03071,0.6800476190000001,0.8611111109999999,2016,Fall,101,LaunchPad
47005,0.813285714,1.0,2016,Fall,101,LaunchPad
95201,0.7740476190000001,0.833333333,2016,Fall,101,LaunchPad
87661,0.632396825,0.7777777779999999,2016,Fall,101,LaunchPad
95714,0.622190476,0.8611111109999999,2016,Fall,101,LaunchPad
60174,0.9170952379999999,0.9722222220000001,2016,Fall,101,LaunchPad
03573,0.840571429,0.944444444,2016,Fall,101,LaunchPad
95728,0.893904762,0.944444444,2016,Fall,101,LaunchPad
84843,0.769333333,0.583333333,2016,Fall,101,LaunchPad
99992,0.7377142859999999,0.8888888890000001,2016,Fall,101,LaunchPad
91297,0.874047619,0.7777777779999999,2016,Fall,101,LaunchPad
92332,0.768428571,1.0,2016,Fall,101,LaunchPad
87494,0.462984127,0.444444444,2016,Fall,101,LaunchPad
53719,0.289428571,0.5,2016,Fall,101,LaunchPad
91655,0.82952381,0.916666667,2016,Fall,101,LaunchPad
67988,0.415047619,0.666666667,2016,Fall,101,LaunchPad
85215,0.235809524,0.472222222,2016,Fall,101,LaunchPad
96952,0.8745714290000001,0.8888888890000001,2016,Fall,101,LaunchPad
89707,0.7193809520000001,0.8888888890000001,2016,Fall,101,LaunchPad
70753,0.180539683,0.7222222220000001,2016,Fall,101,LaunchPad
97795,0.847142857,0.916666667,2016,Fall,101,LaunchPad
98108,0.7283809520000001,0.8611111109999999,2016,Fall,101,LaunchPad
02671,0.49052381,0.944444444,2016,Fall,101,LaunchPad
11506,0.7413333329999999,0.975,2016,Fall,101,LaunchPad
10358,0.75,0.825,2016,Fall,101,LaunchPad
73136,0.781333333,1.0,2016,Fall,101,LaunchPad
48665,0.6073333329999999,0.95,2016,Fall,101,LaunchPad
12899,0.68,0.525,2016,Fall,101,LaunchPad
36489,0.8364444440000001,0.975,2016,Fall,101,LaunchPad
41728,0.815333333,0.975,2016,Fall,101,LaunchPad
13974,0.394444444,0.3,2016,Fall,101,LaunchPad
19692,0.249555556,0.85,2016,Fall,101,LaunchPad
50691,0.727555556,0.625,2016,Fall,101,LaunchPad
24120,0.634,0.925,2016,Fall,101,LaunchPad
19748,0.788333333,1.0,2016,Fall,101,LaunchPad
57760,0.709666667,1.0,2016,Fall,101,LaunchPad
62596,0.614777778,0.825,2016,Fall,101,LaunchPad
01365,0.645333333,0.875,2016,Fall,101,LaunchPad
00781,0.532,0.975,2016,Fall,101,LaunchPad
83891,0.826333333,0.9,2016,Fall,101,LaunchPad
38920,0.81,1.0,2016,Fall,101,LaunchPad
09930,0.419333333,0.95,2016,Fall,101,LaunchPad
12295,0.7556666670000001,1.0,2016,Fall,101,LaunchPad
53665,0.6158888889999999,0.7,2016,Fall,101,LaunchPad
62387,0.695666667,0.775,2016,Fall,101,LaunchPad
51950,0.319333333,0.675,2016,Fall,101,LaunchPad
53388,0.922333333,0.85,2016,Fall,101,LaunchPad
77898,0.68,0.95,2016,Fall,101,LaunchPad
84992,0.621888889,1.0,2016,Fall,101,LaunchPad
59806,0.7526666670000001,0.975,2016,Fall,101,LaunchPad
90611,0.676666667,0.85,2016,Fall,101,LaunchPad
95437,0.5226666670000001,0.625,2016,Fall,101,LaunchPad
84462,0.6323333329999999,1.0,2016,Fall,101,LaunchPad
71897,0.340444444,0.45,2016,Fall,101,LaunchPad
60392,0.682666667,0.95,2016,Fall,101,LaunchPad
97040,0.946,0.95,2016,Fall,101,LaunchPad
25429,0.680666667,1.0,2016,Fall,101,LaunchPad
34168,0.35333333299999997,0.625,2016,Fall,101,LaunchPad
96358,0.8703333329999999,0.95,2016,Fall,101,LaunchPad
00432,0.775666667,0.975,2016,Fall,101,LaunchPad
60197,0.41111111100000003,0.8,2016,Fall,101,LaunchPad
67126,0.267777778,0.125,2016,Fall,101,LaunchPad
17179,0.46133333299999996,0.775,2016,Fall,101,LaunchPad
37599,0.962666667,1.0,2016,Fall,101,LaunchPad
98766,0.691444444,0.975,2016,Fall,101,LaunchPad
74043,0.698666667,0.825,2016,Fall,101,LaunchPad
31909,0.711777778,0.775,2016,Fall,101,LaunchPad
65143,0.5437777779999999,0.775,2016,Fall,101,LaunchPad
63233,0.773666667,0.9,2016,Fall,101,LaunchPad
82238,0.8846666670000001,0.875,2016,Fall,101,LaunchPad
80692,0.644222222,0.425,2016,Fall,101,LaunchPad
63646,0.47911111100000003,1.0,2016,Fall,101,LaunchPad
18853,0.6173333329999999,0.9,2016,Fall,101,LaunchPad
66747,0.8240000000000001,1.0,2016,Fall,101,LaunchPad
09091,0.734666667,0.925,2016,Fall,101,LaunchPad
66695,0.8340000000000001,1.0,2016,Fall,101,LaunchPad
10805,0.69,1.0,2016,Fall,101,LaunchPad
79970,0.753,0.9,2016,Fall,101,LaunchPad
16954,0.78,1.0,2016,Fall,101,LaunchPad
17522,0.850666667,0.925,2016,Fall,101,LaunchPad
16643,1.0,1.0,2016,Fall,101,LaunchPad
79674,0.544222222,1.0,2016,Fall,101,LaunchPad
40931,0.584666667,0.9,2016,Fall,101,LaunchPad
92254,0.612666667,0.975,2016,Fall,101,LaunchPad
11101,0.784333333,1.0,2016,Fall,101,LaunchPad
85130,0.600333333,1.0,2016,Fall,101,LaunchPad
35617,0.68,1.0,2016,Fall,101,LaunchPad
79870,0.68,0.925,2016,Fall,101,LaunchPad
20754,0.716666667,0.95,2016,Fall,101,LaunchPad
34213,0.681666667,0.925,2016,Fall,101,LaunchPad
77729,0.8959999999999999,1.0,2016,Fall,101,LaunchPad
72945,0.727888889,0.925,2016,Fall,101,LaunchPad
40065,0.420777778,0.925,2016,Fall,101,LaunchPad
20127,0.811666667,1.0,2016,Fall,101,LaunchPad
11342,0.553111111,0.9,2016,Fall,101,LaunchPad
49859,0.68,0.925,2016,Fall,101,LaunchPad
79544,0.805333333,0.85,2016,Fall,101,LaunchPad
92595,0.320444444,0.575,2016,Fall,101,LaunchPad
37037,0.8703333329999999,1.0,2016,Fall,101,LaunchPad
14123,0.68,0.9,2016,Fall,101,LaunchPad
27453,0.8590000000000001,0.975,2016,Fall,101,LaunchPad
60784,0.24888888899999997,0.375,2016,Fall,101,LaunchPad
12370,0.915333333,0.975,2016,Fall,101,LaunchPad
07086,0.704888889,0.725,2016,Fall,101,LaunchPad
71498,0.68,0.975,2016,Fall,101,LaunchPad
49288,0.542333333,0.725,2016,Fall,101,LaunchPad
65496,0.733666667,0.85,2016,Fall,101,LaunchPad
54398,0.7614444440000001,1.0,2016,Fall,101,LaunchPad
71233,0.754,0.775,2016,Fall,101,LaunchPad
15507,0.5151111110000001,0.95,2016,Fall,101,LaunchPad
32146,0.684666667,1.0,2016,Fall,101,LaunchPad
32913,0.792333333,1.0,2016,Fall,101,LaunchPad
93666,0.834333333,0.775,2016,Fall,101,LaunchPad
37334,0.853,0.95,2016,Fall,101,LaunchPad
42676,0.7240000000000001,1.0,2016,Fall,101,LaunchPad
91378,0.311111111,0.35,2016,Fall,101,LaunchPad
34850,0.484,0.525,2016,Fall,101,LaunchPad
49994,0.79,0.925,2016,Fall,101,LaunchPad
45603,0.706333333,0.95,2016,Fall,101,LaunchPad
14801,0.7503333329999999,0.85,2016,Fall,101,LaunchPad
32983,0.7443333329999999,0.35,2016,Fall,101,LaunchPad
68370,0.7526666670000001,0.975,2016,Fall,101,LaunchPad
45006,0.685333333,0.75,2016,Fall,101,LaunchPad
43256,0.942777778,0.9,2016,Fall,101,LaunchPad
82872,0.782,0.875,2016,Fall,101,LaunchPad
36033,0.357555556,0.775,2016,Fall,101,LaunchPad
23734,0.894,1.0,2016,Fall,101,LaunchPad
20114,0.8713333329999999,1.0,2016,Fall,101,LaunchPad
34368,0.448444444,0.85,2016,Fall,101,LaunchPad
06724,0.814333333,1.0,2016,Fall,101,LaunchPad
80126,0.368444444,0.95,2016,Fall,101,LaunchPad
27732,0.816,0.95,2016,Fall,101,LaunchPad
12907,0.6088888889999999,0.975,2016,Fall,101,LaunchPad
39105,0.590666667,0.95,2016,Fall,101,LaunchPad
59020,0.629777778,0.875,2016,Fall,101,LaunchPad
11443,0.434,0.925,2016,Fall,101,LaunchPad
66430,0.157777778,0.275,2016,Fall,101,LaunchPad
09106,0.229111111,0.675,2016,Fall,101,LaunchPad
77620,0.717666667,1.0,2016,Fall,101,LaunchPad
80009,0.40399999999999997,0.6,2016,Fall,101,LaunchPad
93963,0.68,1.0,2016,Fall,101,LaunchPad
64494,0.412222222,0.95,2016,Fall,101,LaunchPad
32905,0.68,0.775,2016,Fall,101,LaunchPad
08345,0.719555556,0.625,2016,Fall,101,LaunchPad
08505,0.572666667,0.925,2016,Fall,101,LaunchPad
60163,0.637333333,0.95,2016,Fall,101,LaunchPad
22750,0.6206666670000001,1.0,2016,Fall,101,LaunchPad
89596,0.805333333,1.0,2016,Fall,101,LaunchPad
67165,0.215777778,0.775,2016,Fall,101,LaunchPad
46144,0.68,1.0,2016,Fall,102,LaunchPad
65678,0.9195555559999999,0.810810811,2016,Fall,102,LaunchPad
13004,0.6272800000000001,0.7027027029999999,2016,Fall,102,LaunchPad
57289,0.679,0.810810811,2016,Fall,102,LaunchPad
21832,0.7438325,0.6756756759999999,2016,Fall,102,LaunchPad
15172,0.68,1.0,2016,Fall,102,LaunchPad
50691,0.698766667,0.7027027029999999,2016,Fall,102,LaunchPad
63324,0.7627644440000001,0.864864865,2016,Fall,102,LaunchPad
27967,0.47003999999999996,0.648648649,2016,Fall,102,LaunchPad
79197,0.889833333,0.9459459459999999,2016,Fall,102,LaunchPad
86652,0.761333333,0.72972973,2016,Fall,102,LaunchPad
11085,0.68,0.837837838,2016,Fall,102,LaunchPad
44294,0.900833333,1.0,2016,Fall,102,LaunchPad
05869,0.813444444,0.9459459459999999,2016,Fall,102,LaunchPad
77115,0.941333333,1.0,2016,Fall,102,LaunchPad
90811,0.965833333,0.8918918920000001,2016,Fall,102,LaunchPad
06355,0.68,0.972972973,2016,Fall,102,LaunchPad
10005,0.68,0.8918918920000001,2016,Fall,102,LaunchPad
91465,0.556126667,0.972972973,2016,Fall,102,LaunchPad
91705,0.7772600000000001,0.21621621600000002,2016,Fall,102,LaunchPad
45379,0.620482222,0.45945945899999996,2016,Fall,102,LaunchPad
97040,0.976666667,0.810810811,2016,Fall,102,LaunchPad
07202,0.6555777779999999,0.540540541,2016,Fall,102,LaunchPad
55394,0.445357778,0.43243243200000003,2016,Fall,102,LaunchPad
61056,0.354777778,0.243243243,2016,Fall,102,LaunchPad
73291,0.7177066670000001,0.6756756759999999,2016,Fall,102,LaunchPad
41115,0.789166667,0.864864865,2016,Fall,102,LaunchPad
66137,0.741266667,1.0,2016,Fall,102,LaunchPad
92996,0.68,0.9189189190000001,2016,Fall,102,LaunchPad
71312,0.642344444,0.6756756759999999,2016,Fall,102,LaunchPad
64605,0.794255556,0.9189189190000001,2016,Fall,102,LaunchPad
56568,0.591564444,0.972972973,2016,Fall,102,LaunchPad
93729,0.471871111,0.783783784,2016,Fall,102,LaunchPad
05505,0.692937778,0.864864865,2016,Fall,102,LaunchPad
30167,0.680397778,0.837837838,2016,Fall,102,LaunchPad
57897,0.722226667,0.72972973,2016,Fall,102,LaunchPad
71906,0.68,0.72972973,2016,Fall,102,LaunchPad
20883,0.8212844440000001,0.486486486,2016,Fall,102,LaunchPad
08417,0.503484444,0.513513514,2016,Fall,102,LaunchPad
25627,0.683162222,0.756756757,2016,Fall,102,LaunchPad
79544,0.8044288890000001,0.72972973,2016,Fall,102,LaunchPad
31285,0.68,1.0,2016,Fall,102,LaunchPad
81040,0.885926667,1.0,2016,Fall,102,LaunchPad
82731,0.856486667,0.540540541,2016,Fall,102,LaunchPad
38051,0.718875556,0.972972973,2016,Fall,102,LaunchPad
34241,0.632322222,0.621621622,2016,Fall,102,LaunchPad
28819,0.7035,0.756756757,2016,Fall,102,LaunchPad
98630,0.0,0.0,2016,Fall,102,LaunchPad
65792,0.440215556,0.540540541,2016,Fall,102,LaunchPad
57737,0.5343066670000001,0.783783784,2016,Fall,102,LaunchPad
64160,0.7819088890000001,1.0,2016,Fall,102,LaunchPad
48689,0.966833333,1.0,2016,Fall,102,LaunchPad
34368,0.572244444,0.72972973,2016,Fall,102,LaunchPad
45312,0.27426,0.6756756759999999,2016,Fall,102,LaunchPad
35125,0.8324444440000001,0.7027027029999999,2016,Fall,102,LaunchPad
08375,0.7417511109999999,0.9189189190000001,2016,Fall,102,LaunchPad
04883,0.8706666670000001,0.972972973,2016,Fall,102,LaunchPad
70351,0.6814622220000001,0.8918918920000001,2016,Fall,102,LaunchPad
40867,0.68,0.756756757,2016,Fall,102,LaunchPad
17563,0.76062,0.864864865,2016,Fall,102,LaunchPad
20075,0.647333333,0.621621622,2016,Fall,102,LaunchPad
08345,0.68,0.72972973,2016,Fall,102,LaunchPad
89596,0.7995,0.72972973,2016,Fall,102,LaunchPad
17003,0.792149254,0.923076923,2017,Spring,102,Canvas
10657,0.122686567,0.384615385,2017,Spring,102,Canvas
46053,0.7922546359999999,0.653846154,2017,Spring,102,Canvas
85982,0.251044776,0.307692308,2017,Spring,102,Canvas
89383,0.745179557,0.923076923,2017,Spring,102,Canvas
72891,0.069063772,0.192307692,2017,Spring,102,Canvas
11704,0.56996246,0.7692307690000001,2017,Spring,102,Canvas
40343,0.038181818,0.192307692,2017,Spring,102,Canvas
00502,0.89,0.692307692,2017,Spring,102,Canvas
40370,0.27084124800000003,0.384615385,2017,Spring,102,Canvas
26141,0.7493753959999999,0.692307692,2017,Spring,102,Canvas
36927,0.629331072,0.538461538,2017,Spring,102,Canvas
28133,0.812,0.923076923,2017,Spring,102,Canvas
60282,0.891226142,0.961538462,2017,Spring,102,Canvas
06104,0.158616011,0.0,2017,Spring,102,Canvas
30502,0.288995929,0.423076923,2017,Spring,102,Canvas
02185,0.699011759,0.807692308,2017,Spring,102,Canvas
99577,0.023333332999999998,0.0,2017,Spring,101,Canvas
00535,0.703984127,0.857142857,2017,Spring,101,Canvas
00751,0.680111111,0.7857142859999999,2017,Spring,101,Canvas
40289,1.02,0.9285714290000001,2017,Spring,101,Canvas
53469,0.681079365,0.892857143,2017,Spring,101,Canvas
58218,0.83952381,0.75,2017,Spring,101,Canvas
29375,0.04,0.14285714300000002,2017,Spring,101,Canvas
34220,0.522063492,1.0,2017,Spring,101,Canvas
66340,0.42574603200000005,0.857142857,2017,Spring,101,Canvas
71501,0.930619048,1.0,2017,Spring,101,Canvas
23149,0.918857143,0.75,2017,Spring,101,Canvas
14115,0.92947619,0.9285714290000001,2017,Spring,101,Canvas
46008,0.27055555600000003,0.035714286,2017,Spring,101,Canvas
35357,0.849825397,0.9285714290000001,2017,Spring,101,Canvas
47704,0.130909091,0.5,2017,Spring,101,Canvas
85108,0.744743918,0.9285714290000001,2017,Spring,101,Canvas
53232,0.5053385770000001,0.6785714290000001,2017,Spring,101,Canvas
96363,0.0,0.14285714300000002,2017,Spring,101,Canvas
98211,0.679936894,0.857142857,2017,Spring,101,Canvas
85396,0.898512896,0.7857142859999999,2017,Spring,101,Canvas
83456,0.950038961,0.892857143,2017,Spring,101,Canvas
84631,0.936559722,1.0,2017,Spring,101,Canvas
01203,0.74713993,0.857142857,2017,Spring,101,Canvas
91885,0.594612036,0.7857142859999999,2017,Spring,101,Canvas
66512,0.6951902320000001,0.7857142859999999,2017,Spring,101,Canvas
88077,0.9054024140000001,0.9285714290000001,2017,Spring,101,Canvas
98668,0.746835925,0.9642857140000001,2017,Spring,101,Canvas
62548,0.611660691,0.9285714290000001,2017,Spring,101,Canvas
01453,0.40321017,0.607142857,2017,Spring,101,Canvas
53691,0.8794294859999999,1.0,2017,Spring,101,Canvas
04168,0.78457527,0.892857143,2017,Spring,101,Canvas
85523,0.827434973,0.9642857140000001,2017,Spring,101,Canvas
99811,0.799981708,0.9642857140000001,2017,Spring,101,Canvas
96880,0.694285348,1.0,2017,Spring,101,Canvas
00306,0.8489595759999999,0.892857143,2017,Spring,101,Canvas
01937,0.634934882,0.535714286,2017,Spring,101,Canvas
59353,0.8444635079999999,0.892857143,2017,Spring,101,Canvas
58236,0.678121273,0.7142857140000001,2017,Spring,101,Canvas
45500,0.561518566,0.642857143,2017,Spring,101,Canvas
84026,0.23348271399999998,0.75,2017,Spring,101,Canvas
86079,0.23267605600000002,0.7857142859999999,2017,Spring,101,Canvas
33822,0.843290653,0.535714286,2017,Spring,101,Canvas
96637,1.001719407,0.892857143,2017,Spring,101,Canvas
57817,0.969992135,0.9285714290000001,2017,Spring,101,Canvas
53281,0.683748857,0.892857143,2017,Spring,101,Canvas
53189,0.901476495,1.0,2017,Spring,101,Canvas
92343,0.8528622640000001,1.0,2017,Spring,101,Canvas
00616,0.815554113,0.864864865,2017,Spring,102,Canvas
02788,0.6806580090000001,0.486486486,2017,Spring,102,Canvas
91171,0.597233766,0.513513514,2017,Spring,102,Canvas
88002,0.897532468,0.972972973,2017,Spring,102,Canvas
50049,0.610121212,0.486486486,2017,Spring,102,Canvas
62373,0.684813853,1.0,2017,Spring,102,Canvas
86774,0.739380952,0.810810811,2017,Spring,102,Canvas
86864,1.0,1.0,2017,Spring,102,Canvas
91655,0.82812987,0.8918918920000001,2017,Spring,102,Canvas
86978,0.8429393940000001,0.72972973,2017,Spring,102,Canvas
95276,0.864064935,0.8918918920000001,2017,Spring,102,Canvas
90474,0.568353535,0.926829268,2017,Spring,101,iLearn
26913,0.09866666699999999,0.048780488,2017,Spring,101,iLearn
48665,0.46929292899999997,0.9024390240000001,2017,Spring,101,iLearn
94858,0.614545455,0.780487805,2017,Spring,101,iLearn
77581,0.7645353540000001,0.5121951220000001,2017,Spring,101,iLearn
04514,0.60230303,0.780487805,2017,Spring,101,iLearn
86145,0.81169697,0.975609756,2017,Spring,101,iLearn
00638,1.0,1.0,2017,Spring,101,iLearn
46364,0.278828283,0.219512195,2017,Spring,101,iLearn
13182,0.865363636,0.804878049,2017,Spring,101,iLearn
88348,0.68,0.8292682929999999,2017,Spring,101,iLearn
37293,0.831939394,0.975609756,2017,Spring,101,iLearn
15941,0.565676768,0.87804878,2017,Spring,101,iLearn
33405,0.975484848,0.975609756,2017,Spring,101,iLearn
28360,0.68,0.853658537,2017,Spring,101,iLearn
68167,0.493232323,0.463414634,2017,Spring,101,iLearn
32918,0.099515152,0.19512195100000002,2017,Spring,101,iLearn
26713,0.839212121,0.585365854,2017,Spring,101,iLearn
00814,0.7150303029999999,0.8292682929999999,2017,Spring,101,iLearn
52588,0.68,0.707317073,2017,Spring,101,iLearn
45379,0.48428282799999994,0.804878049,2017,Spring,101,iLearn
34168,0.9705252529999999,0.853658537,2017,Spring,101,iLearn
83905,0.697555556,1.0,2017,Spring,101,iLearn
86018,0.572030303,0.951219512,2017,Spring,101,iLearn
50642,0.7757777779999999,0.7560975609999999,2017,Spring,101,iLearn
14433,0.9800909090000001,1.0,2017,Spring,101,iLearn
55394,0.7186060609999999,0.87804878,2017,Spring,101,iLearn
75058,0.744777778,0.975609756,2017,Spring,101,iLearn
05386,0.727080808,0.7560975609999999,2017,Spring,101,iLearn
34042,0.7842424240000001,0.9024390240000001,2017,Spring,101,iLearn
48026,0.15060606099999999,0.19512195100000002,2017,Spring,101,iLearn
40135,0.220070707,0.463414634,2017,Spring,101,iLearn
81949,0.17181818199999999,0.365853659,2017,Spring,101,iLearn
50753,0.587525253,0.951219512,2017,Spring,101,iLearn
31476,0.97789899,0.926829268,2017,Spring,101,iLearn
80305,0.802070707,0.7560975609999999,2017,Spring,101,iLearn
78771,0.864616162,1.0,2017,Spring,101,iLearn
06922,0.815555556,0.87804878,2017,Spring,101,iLearn
96158,0.679868687,0.9024390240000001,2017,Spring,101,iLearn
30229,0.7640101009999999,0.951219512,2017,Spring,101,iLearn
29680,0.133333333,0.146341463,2017,Spring,101,iLearn
49091,0.7515858590000001,0.8292682929999999,2017,Spring,101,iLearn
99436,0.8960909090000001,0.87804878,2017,Spring,101,iLearn
58572,0.299212121,0.463414634,2017,Spring,101,iLearn
68706,0.8320000000000001,0.7560975609999999,2017,Spring,101,iLearn
62821,0.68,0.658536585,2017,Spring,101,iLearn
15545,0.9847575759999999,0.87804878,2017,Spring,101,iLearn
15002,0.755777778,0.707317073,2017,Spring,101,iLearn
94646,0.68,0.8292682929999999,2017,Spring,101,iLearn
64743,0.758868687,0.5121951220000001,2017,Spring,101,iLearn
08228,0.68,1.0,2017,Spring,101,iLearn
23794,0.7749696970000001,0.951219512,2017,Spring,101,iLearn
76339,0.326414141,0.292682927,2017,Spring,101,iLearn
86380,0.404434343,0.634146341,2017,Spring,101,iLearn
18818,0.48417171700000006,0.780487805,2017,Spring,101,iLearn
77393,0.233878788,0.5365853660000001,2017,Spring,101,iLearn
82731,0.915484848,0.658536585,2017,Spring,101,iLearn
14611,0.608616162,1.0,2017,Spring,101,iLearn
79525,0.289050505,0.219512195,2017,Spring,101,iLearn
70619,0.6946565659999999,0.975609756,2017,Spring,101,iLearn
53413,0.68,0.951219512,2017,Spring,101,iLearn
85069,0.7424444440000001,1.0,2017,Spring,101,iLearn
62073,0.304353535,0.43902439,2017,Spring,101,iLearn
54590,0.61189899,0.8292682929999999,2017,Spring,101,iLearn
22911,0.440515152,0.26829268300000003,2017,Spring,101,iLearn
07547,0.6881111109999999,0.8292682929999999,2017,Spring,101,iLearn
59742,0.059080808,0.097560976,2017,Spring,101,iLearn
41808,0.824121212,0.926829268,2017,Spring,101,iLearn
57032,0.757929293,0.951219512,2017,Spring,101,iLearn
57091,0.498979798,0.926829268,2017,Spring,101,iLearn
66905,0.318717172,0.658536585,2017,Spring,101,iLearn
32667,0.726777778,0.87804878,2017,Spring,101,iLearn
80009,0.347838384,0.463414634,2017,Spring,101,iLearn
83861,0.9369898990000001,0.951219512,2017,Spring,101,iLearn
20124,0.34907070700000004,0.17073170699999998,2017,Spring,101,iLearn
09474,0.514515152,1.0,2017,Spring,101,iLearn
22750,0.68,0.780487805,2017,Spring,101,iLearn
64539,0.7800101009999999,0.658536585,2017,Spring,101,iLearn
26913,0.089473684,0.076923077,2017,Spring,102,iLearn
04938,0.6885363409999999,0.884615385,2017,Spring,102,iLearn
12899,0.471654135,0.5,2017,Spring,102,iLearn
04514,0.68,0.884615385,2017,Spring,102,iLearn
76461,0.612087719,0.807692308,2017,Spring,102,iLearn
83891,0.43887218,0.846153846,2017,Spring,102,iLearn
73886,0.682789474,0.423076923,2017,Spring,102,iLearn
36474,0.8177017540000001,0.923076923,2017,Spring,102,iLearn
63251,0.243333333,0.346153846,2017,Spring,102,iLearn
38038,0.590255639,0.846153846,2017,Spring,102,iLearn
53388,0.833814536,0.846153846,2017,Spring,102,iLearn
25397,0.75518797,1.0,2017,Spring,102,iLearn
84711,0.741619048,0.7692307690000001,2017,Spring,102,iLearn
07734,0.800170426,1.0,2017,Spring,102,iLearn
00814,0.68,0.576923077,2017,Spring,102,iLearn
34168,0.937017544,0.923076923,2017,Spring,102,iLearn
20570,0.754223058,0.961538462,2017,Spring,102,iLearn
51555,0.549598997,0.7307692309999999,2017,Spring,102,iLearn
05128,0.806102757,1.0,2017,Spring,102,iLearn
83905,0.69081203,0.884615385,2017,Spring,102,iLearn
31179,0.274210526,0.576923077,2017,Spring,102,iLearn
50642,0.789481203,0.807692308,2017,Spring,102,iLearn
75405,0.8223533829999999,0.923076923,2017,Spring,102,iLearn
80897,0.857278195,0.692307692,2017,Spring,102,iLearn
55394,0.8584185459999999,1.0,2017,Spring,102,iLearn
75058,0.75318797,0.961538462,2017,Spring,102,iLearn
70629,0.194385965,0.384615385,2017,Spring,102,iLearn
31476,0.895170426,0.7307692309999999,2017,Spring,102,iLearn
27470,0.9747117790000001,1.0,2017,Spring,102,iLearn
66599,0.8166491229999999,0.961538462,2017,Spring,102,iLearn
16032,0.68,1.0,2017,Spring,102,iLearn
34121,0.7067794490000001,0.5,2017,Spring,102,iLearn
50883,0.561669173,0.384615385,2017,Spring,102,iLearn
01390,0.7996466170000001,1.0,2017,Spring,102,iLearn
16643,1.0,1.0,2017,Spring,102,iLearn
21804,0.594305764,0.653846154,2017,Spring,102,iLearn
91827,0.882388471,0.923076923,2017,Spring,102,iLearn
41957,0.7817142859999999,0.884615385,2017,Spring,102,iLearn
67131,0.7700651629999999,0.346153846,2017,Spring,102,iLearn
08228,0.571343358,0.961538462,2017,Spring,102,iLearn
91198,0.68,0.884615385,2017,Spring,102,iLearn
37219,0.8376917290000001,1.0,2017,Spring,102,iLearn
50001,0.302932331,0.269230769,2017,Spring,102,iLearn
67772,0.7160726820000001,0.961538462,2017,Spring,102,iLearn
30316,0.595546366,0.7307692309999999,2017,Spring,102,iLearn
40678,0.773629073,0.923076923,2017,Spring,102,iLearn
98147,0.809070175,0.884615385,2017,Spring,102,iLearn
24771,0.60366416,0.807692308,2017,Spring,102,iLearn
20359,0.081578947,0.0,2017,Spring,102,iLearn
79525,0.173766917,0.076923077,2017,Spring,102,iLearn
68370,0.7873283209999999,0.884615385,2017,Spring,102,iLearn
65792,0.75626817,0.846153846,2017,Spring,102,iLearn
32149,0.755614035,0.692307692,2017,Spring,102,iLearn
70089,0.843135338,0.961538462,2017,Spring,102,iLearn
22911,0.444285714,0.346153846,2017,Spring,102,iLearn
80644,0.621681704,0.807692308,2017,Spring,102,iLearn
20124,0.516260652,0.5,2017,Spring,102,iLearn
43671,0.603819549,0.46153846200000004,2017,Spring,102,iLearn
50057,0.68,0.576923077,2017,Spring,102,iLearn
87040,0.7713583959999999,0.961538462,2017,Spring,102,iLearn
10989,0.587716792,0.923076923,2017,Spring,102,iLearn
84504,0.68,0.653846154,2017,Spring,102,iLearn
09719,0.8359393940000001,1.0,2017,Fall,101,LaunchPad
57724,0.8078636359999999,0.933333333,2017,Fall,101,LaunchPad
54166,0.706015152,0.966666667,2017,Fall,101,LaunchPad
72896,0.68,1.0,2017,Fall,101,LaunchPad
74069,0.834181818,1.0,2017,Fall,101,LaunchPad
29571,0.655363636,1.0,2017,Fall,101,LaunchPad
94804,0.7301818179999999,0.566666667,2017,Fall,101,LaunchPad
05516,0.753181818,0.8666666670000001,2017,Fall,101,LaunchPad
40850,0.922727273,1.0,2017,Fall,101,LaunchPad
98657,0.334106061,0.233333333,2017,Fall,101,LaunchPad
81883,0.783621212,0.9,2017,Fall,101,LaunchPad
23304,0.758878788,0.833333333,2017,Fall,101,LaunchPad
91931,0.3045,0.6333333329999999,2017,Fall,101,LaunchPad
91902,0.801621212,1.0,2017,Fall,101,LaunchPad
12083,0.774409091,1.0,2017,Fall,101,LaunchPad
96412,0.952242424,1.0,2017,Fall,101,LaunchPad
77953,0.7453636359999999,1.0,2017,Fall,101,LaunchPad
33727,0.717363636,0.5,2017,Fall,101,LaunchPad
76423,0.799787879,0.7666666670000001,2017,Fall,101,LaunchPad
45742,0.567333333,1.0,2017,Fall,101,LaunchPad
66638,0.688909091,0.966666667,2017,Fall,101,LaunchPad
54141,0.68,0.833333333,2017,Fall,101,LaunchPad
19299,0.852166667,1.0,2017,Fall,101,LaunchPad
79019,0.508272727,0.2,2017,Fall,101,LaunchPad
89426,0.353,0.4,2017,Fall,101,LaunchPad
25368,0.721333333,0.933333333,2017,Fall,101,LaunchPad
57893,0.905575758,1.0,2017,Fall,101,LaunchPad
32891,0.806666667,1.0,2017,Fall,101,LaunchPad
37188,0.3655,0.7333333329999999,2017,Fall,101,LaunchPad
32595,0.8991363640000001,0.9,2017,Fall,101,LaunchPad
77237,0.547515152,1.0,2017,Fall,101,LaunchPad
00407,0.594,0.7666666670000001,2017,Fall,101,LaunchPad
86923,0.8890757579999999,0.966666667,2017,Fall,101,LaunchPad
20840,0.34719697,0.433333333,2017,Fall,101,LaunchPad
84755,0.7447727270000001,0.933333333,2017,Fall,101,LaunchPad
85674,0.68,0.8666666670000001,2017,Fall,101,LaunchPad
68900,0.824954545,0.966666667,2017,Fall,101,LaunchPad
49695,0.910484848,1.0,2017,Fall,101,LaunchPad
08100,0.865454545,1.0,2017,Fall,101,LaunchPad
24626,0.9940000000000001,1.0,2017,Fall,101,LaunchPad
92617,0.9201212120000001,1.0,2017,Fall,101,LaunchPad
89205,0.7842424240000001,1.0,2017,Fall,101,LaunchPad
46557,0.7672121209999999,1.0,2017,Fall,101,LaunchPad
04546,0.620939394,0.9,2017,Fall,101,LaunchPad
82524,0.816242424,1.0,2017,Fall,101,LaunchPad
16499,0.8168333329999999,1.0,2017,Fall,101,LaunchPad
08576,0.250666667,0.46666666700000003,2017,Fall,101,LaunchPad
31780,0.770181818,1.0,2017,Fall,101,LaunchPad
74037,0.43509090899999997,0.0,2017,Fall,101,LaunchPad
75950,0.538333333,0.9,2017,Fall,101,LaunchPad
11062,0.851454545,1.0,2017,Fall,101,LaunchPad
51375,0.680333333,0.46666666700000003,2017,Fall,101,LaunchPad
03576,0.8127121209999999,1.0,2017,Fall,101,LaunchPad
21521,0.736,0.9,2017,Fall,101,LaunchPad
09684,0.778924242,1.0,2017,Fall,101,LaunchPad
36128,0.742121212,0.6333333329999999,2017,Fall,101,LaunchPad
38089,0.6853636359999999,0.966666667,2017,Fall,101,LaunchPad
25079,0.656030303,0.133333333,2017,Fall,101,LaunchPad
17890,0.646333333,1.0,2017,Fall,101,LaunchPad
31290,0.7502424240000001,0.8666666670000001,2017,Fall,101,LaunchPad
67887,0.875727273,0.8666666670000001,2017,Fall,101,LaunchPad
01002,0.8573333329999999,1.0,2017,Fall,101,LaunchPad
57589,0.739590909,1.0,2017,Fall,101,LaunchPad
67534,0.7884393940000001,1.0,2017,Fall,101,LaunchPad
49049,0.721121212,0.933333333,2017,Fall,101,LaunchPad
16697,0.944242424,1.0,2017,Fall,101,LaunchPad
47368,0.750348485,0.933333333,2017,Fall,101,LaunchPad
09906,0.6977424240000001,1.0,2017,Fall,101,LaunchPad
54020,0.855272727,1.0,2017,Fall,101,LaunchPad
04438,0.49874242399999996,0.566666667,2017,Fall,101,LaunchPad
80036,0.818,1.0,2017,Fall,101,LaunchPad
70351,0.722272727,1.0,2017,Fall,101,LaunchPad
17442,0.68,1.0,2017,Fall,101,LaunchPad
31968,0.6194848479999999,0.9,2017,Fall,101,LaunchPad
49331,0.574833333,1.0,2017,Fall,101,LaunchPad
31594,0.7941060609999999,1.0,2017,Fall,101,LaunchPad
31965,0.15583333300000002,0.333333333,2017,Fall,101,LaunchPad
26913,0.18483333300000002,0.133333333,2017,Fall,101,LaunchPad
68812,0.4865,0.433333333,2017,Fall,101,LaunchPad
82454,0.734545455,0.8,2017,Fall,101,LaunchPad
23470,0.8441818179999999,1.0,2017,Fall,101,LaunchPad
45836,0.716106061,1.0,2017,Fall,101,LaunchPad
29191,0.718833333,1.0,2017,Fall,101,LaunchPad
65126,0.683787879,0.933333333,2017,Fall,101,LaunchPad
44394,0.6324393939999999,0.8666666670000001,2017,Fall,101,LaunchPad
07064,0.263333333,0.333333333,2017,Fall,101,LaunchPad
35169,0.7781212120000001,0.8666666670000001,2017,Fall,101,LaunchPad
40003,0.5096666670000001,1.0,2017,Fall,101,LaunchPad
95428,0.671318182,1.0,2017,Fall,101,LaunchPad
02500,0.478,0.533333333,2017,Fall,101,LaunchPad
63662,0.8436363640000001,1.0,2017,Fall,101,LaunchPad
33769,0.6828333329999999,0.9,2017,Fall,101,LaunchPad
35616,0.262833333,0.333333333,2017,Fall,101,LaunchPad
02354,0.697272727,0.0,2017,Fall,101,LaunchPad
64878,0.328833333,0.033333333,2017,Fall,101,LaunchPad
26160,0.7300303029999999,1.0,2017,Fall,101,LaunchPad
11220,0.7197878790000001,0.2,2017,Fall,101,LaunchPad
77036,0.774833333,0.933333333,2017,Fall,101,LaunchPad
78023,0.608984848,1.0,2017,Fall,101,LaunchPad
61459,0.828545455,1.0,2017,Fall,101,LaunchPad
97659,0.45268181799999996,0.166666667,2017,Fall,101,LaunchPad
54951,0.417045455,0.6333333329999999,2017,Fall,101,LaunchPad
53568,0.9171363640000001,0.9,2017,Fall,101,LaunchPad
89907,0.847454545,1.0,2017,Fall,101,LaunchPad
10939,0.715575758,1.0,2017,Fall,101,LaunchPad
34067,0.7363333329999999,1.0,2017,Fall,101,LaunchPad
16251,0.7741212120000001,0.8,2017,Fall,101,LaunchPad
55373,0.6954393940000001,0.4,2017,Fall,101,LaunchPad
57897,0.848166667,0.7333333329999999,2017,Fall,101,LaunchPad
38136,0.23986363600000002,0.3,2017,Fall,101,LaunchPad
34098,0.307833333,0.333333333,2017,Fall,101,LaunchPad
69554,0.314439394,0.166666667,2017,Fall,101,LaunchPad
35695,0.644242424,0.966666667,2017,Fall,101,LaunchPad
41730,0.7647575759999999,0.833333333,2017,Fall,101,LaunchPad
16038,0.8806666670000001,1.0,2017,Fall,101,LaunchPad
07683,0.956333333,1.0,2017,Fall,101,LaunchPad
75824,0.642166667,0.8,2017,Fall,101,LaunchPad
34982,0.47700000000000004,0.6,2017,Fall,101,LaunchPad
01681,0.304166667,0.566666667,2017,Fall,101,LaunchPad
76339,0.789787879,0.6333333329999999,2017,Fall,101,LaunchPad
16247,0.35383333299999997,0.533333333,2017,Fall,101,LaunchPad
14552,0.312833333,0.433333333,2017,Fall,101,LaunchPad
84105,0.7439393940000001,0.933333333,2017,Fall,101,LaunchPad
60355,0.6111818179999999,0.7333333329999999,2017,Fall,101,LaunchPad
26571,0.889454545,1.0,2017,Fall,101,LaunchPad
56938,0.7622424240000001,1.0,2017,Fall,101,LaunchPad
59963,0.40766666700000004,0.666666667,2017,Fall,101,LaunchPad
59392,0.38733333299999995,0.6,2017,Fall,101,LaunchPad
30288,0.7831363640000001,0.8666666670000001,2017,Fall,101,LaunchPad
54102,0.1625,0.3,2017,Fall,101,LaunchPad
27390,0.5829848479999999,0.9,2017,Fall,101,LaunchPad
18752,0.6763636359999999,0.0,2017,Fall,101,LaunchPad
29137,0.8287878790000001,1.0,2017,Fall,101,LaunchPad
36033,0.539787879,0.3,2017,Fall,101,LaunchPad
69464,0.6211818179999999,0.933333333,2017,Fall,101,LaunchPad
02836,0.533560606,0.533333333,2017,Fall,101,LaunchPad
66998,0.688606061,1.0,2017,Fall,101,LaunchPad
72307,0.8942272729999999,1.0,2017,Fall,101,LaunchPad
82473,0.7333333329999999,0.933333333,2017,Fall,101,LaunchPad
50930,0.764545455,1.0,2017,Fall,101,LaunchPad
63593,0.621393939,1.0,2017,Fall,101,LaunchPad
57859,0.52330303,0.433333333,2017,Fall,101,LaunchPad
97730,0.258848485,0.46666666700000003,2017,Fall,101,LaunchPad
04286,0.573212121,0.7,2017,Fall,101,LaunchPad
10201,0.6966060609999999,0.3,2017,Fall,101,LaunchPad
73883,0.200833333,0.433333333,2017,Fall,101,LaunchPad
53580,0.741,1.0,2017,Fall,101,LaunchPad
36305,0.26416666699999997,0.36666666700000006,2017,Fall,101,LaunchPad
29488,0.252166667,0.8666666670000001,2017,Fall,101,LaunchPad
29475,0.6823636359999999,0.9,2017,Fall,101,LaunchPad
82828,0.84,0.9,2017,Fall,101,LaunchPad
81523,0.687,0.7333333329999999,2017,Fall,101,LaunchPad
65534,0.843333333,0.566666667,2017,Fall,101,LaunchPad
71460,0.648666667,0.8666666670000001,2017,Fall,101,LaunchPad
75060,0.836666667,0.7666666670000001,2017,Fall,101,LaunchPad
77177,0.831,0.833333333,2017,Fall,101,LaunchPad
69496,0.7829999999999999,0.933333333,2017,Fall,101,LaunchPad
58112,0.68434,0.933333333,2017,Fall,101,LaunchPad
72994,0.784,0.7,2017,Fall,101,LaunchPad
67635,0.945333333,0.966666667,2017,Fall,101,LaunchPad
75634,0.6446666670000001,0.933333333,2017,Fall,101,LaunchPad
62167,0.71,1.0,2017,Fall,101,LaunchPad
73467,0.583333333,0.8,2017,Fall,101,LaunchPad
71690,0.846333333,0.6333333329999999,2017,Fall,101,LaunchPad
66804,0.712666667,0.833333333,2017,Fall,101,LaunchPad
66475,0.975333333,1.0,2017,Fall,101,LaunchPad
59128,0.6920000000000001,0.966666667,2017,Fall,101,LaunchPad
69113,0.224666667,0.566666667,2017,Fall,101,LaunchPad
61454,0.889333333,0.7666666670000001,2017,Fall,101,LaunchPad
69731,0.780333333,0.966666667,2017,Fall,101,LaunchPad
02119,0.8440000000000001,0.46666666700000003,2017,Fall,101,LaunchPad
59554,0.775333333,0.8,2017,Fall,101,LaunchPad
76459,0.898666667,0.966666667,2017,Fall,101,LaunchPad
66326,0.13332666699999998,0.566666667,2017,Fall,101,LaunchPad
89852,0.7476666670000001,0.7666666670000001,2017,Fall,101,LaunchPad
64542,0.39667333299999996,0.2,2017,Fall,101,LaunchPad
81397,0.907666667,0.966666667,2017,Fall,101,LaunchPad
81502,0.7456666670000001,0.566666667,2017,Fall,101,LaunchPad
63558,0.7523333329999999,0.9,2017,Fall,101,LaunchPad
64631,0.641333333,0.966666667,2017,Fall,101,LaunchPad
77677,0.7536666670000001,0.833333333,2017,Fall,101,LaunchPad
12929,0.803666667,0.533333333,2017,Fall,101,LaunchPad
70188,0.713333333,0.833333333,2017,Fall,101,LaunchPad
74539,0.964666667,0.966666667,2017,Fall,101,LaunchPad
47379,0.8161919190000001,0.90625,2017,Fall,101,LaunchPad
74954,0.709747475,0.5,2017,Fall,101,LaunchPad
85245,0.568195286,0.5,2017,Fall,101,LaunchPad
70746,0.945484848,0.78125,2017,Fall,101,LaunchPad
73880,0.38113131299999997,0.3125,2017,Fall,101,LaunchPad
94835,0.7416767679999999,0.59375,2017,Fall,101,LaunchPad
81008,0.6343096970000001,0.75,2017,Fall,101,LaunchPad
77712,0.42666666700000005,0.71875,2017,Fall,101,LaunchPad
73902,0.906222222,0.90625,2017,Fall,101,LaunchPad
99087,0.8371481479999999,0.71875,2017,Fall,101,LaunchPad
75274,0.816814815,0.71875,2017,Fall,101,LaunchPad
73419,0.39933333299999996,0.6875,2017,Fall,101,LaunchPad
84642,0.68,0.90625,2017,Fall,101,LaunchPad
53955,0.795,0.65625,2017,Fall,101,LaunchPad
59173,0.655555556,0.71875,2017,Fall,101,LaunchPad
72691,0.7587407409999999,1.0,2017,Fall,101,LaunchPad
72505,0.777037037,0.9375,2017,Fall,101,LaunchPad
01689,0.68837037,0.75,2017,Fall,101,LaunchPad
82504,0.806333333,0.9375,2017,Fall,101,LaunchPad
78329,0.841074074,0.8125,2017,Fall,101,LaunchPad
66138,0.96637037,0.9375,2017,Fall,101,LaunchPad
69214,0.41100000000000003,0.625,2017,Fall,101,LaunchPad
00335,0.660333333,0.90625,2017,Fall,101,LaunchPad
71357,0.7586666670000001,0.90625,2017,Fall,101,LaunchPad
62373,0.786444444,0.875,2017,Fall,101,LaunchPad
93253,0.016666667,0.21875,2017,Fall,101,LaunchPad
69751,0.8574074070000001,0.8125,2017,Fall,101,LaunchPad
74423,0.715666667,0.71875,2017,Fall,101,LaunchPad
62394,0.7999629629999999,0.9375,2017,Fall,101,LaunchPad
72085,0.63662963,0.75,2017,Fall,101,LaunchPad
84587,0.771962963,0.90625,2017,Fall,101,LaunchPad
59786,0.824851852,0.9375,2017,Fall,101,LaunchPad
72820,0.394222222,0.4375,2017,Fall,101,LaunchPad
11268,0.737871795,1.0,2017,Fall,101,LaunchPad
04164,0.8536410259999999,0.9090909090000001,2017,Fall,101,LaunchPad
35708,0.936948718,1.0,2017,Fall,101,LaunchPad
70668,0.68,1.0,2017,Fall,101,LaunchPad
37829,0.310358974,0.318181818,2017,Fall,101,LaunchPad
05820,0.060666667,0.318181818,2017,Fall,101,LaunchPad
32213,0.699410256,0.772727273,2017,Fall,101,LaunchPad
50954,0.534666667,0.772727273,2017,Fall,101,LaunchPad
25274,0.599,0.8636363640000001,2017,Fall,101,LaunchPad
75591,0.52,0.818181818,2017,Fall,101,LaunchPad
05009,0.170666667,0.545454545,2017,Fall,101,LaunchPad
49799,0.814205128,0.727272727,2017,Fall,101,LaunchPad
45805,0.68,0.772727273,2017,Fall,101,LaunchPad
75894,0.26466666699999997,0.681818182,2017,Fall,101,LaunchPad
27213,0.68,0.681818182,2017,Fall,101,LaunchPad
28133,0.7424615379999999,0.818181818,2017,Fall,101,LaunchPad
65887,0.68,0.818181818,2017,Fall,101,LaunchPad
22932,0.68,0.8636363640000001,2017,Fall,101,LaunchPad
24347,0.7444615379999999,0.8636363640000001,2017,Fall,101,LaunchPad
94368,0.33158974399999996,0.5,2017,Fall,101,LaunchPad
71287,0.79,0.772727273,2017,Fall,101,LaunchPad
84840,0.602615385,1.0,2017,Fall,101,LaunchPad
87020,0.68,0.954545455,2017,Fall,101,LaunchPad
76025,0.555333333,0.7142857140000001,2017,Fall,101,LaunchPad
78010,0.8388571429999999,0.9523809520000001,2017,Fall,101,LaunchPad
44817,0.89,0.904761905,2017,Fall,101,LaunchPad
10175,0.622,1.0,2017,Fall,101,LaunchPad
45905,0.437714286,0.23809523800000001,2017,Fall,101,LaunchPad
99107,0.765333333,1.0,2017,Fall,101,LaunchPad
00680,0.761809524,0.857142857,2017,Fall,101,LaunchPad
20771,0.253428571,0.571428571,2017,Fall,101,LaunchPad
14180,0.623285714,0.7142857140000001,2017,Fall,101,LaunchPad
08854,1.005333333,1.0,2017,Fall,101,LaunchPad
73018,0.750190476,1.0,2017,Fall,101,LaunchPad
36927,0.34733333299999997,0.761904762,2017,Fall,101,LaunchPad
04659,0.68,0.761904762,2017,Fall,101,LaunchPad
34056,0.769428571,0.9523809520000001,2017,Fall,101,LaunchPad
30848,0.143333333,0.428571429,2017,Fall,101,LaunchPad
08967,0.624238095,0.80952381,2017,Fall,101,LaunchPad
65530,0.412761905,0.761904762,2017,Fall,101,LaunchPad
65728,0.46266666700000003,0.857142857,2017,Fall,101,LaunchPad
26559,0.6359523810000001,0.9523809520000001,2017,Fall,101,LaunchPad
34923,0.91452381,0.9523809520000001,2017,Fall,101,LaunchPad
42266,0.46,0.666666667,2017,Fall,101,LaunchPad
88730,0.635333333,0.8888888890000001,2017,Fall,101,LaunchPad
48833,0.68,0.8888888890000001,2017,Fall,101,LaunchPad
10851,0.919,0.666666667,2017,Fall,101,LaunchPad
70227,0.8656666670000001,0.666666667,2017,Fall,101,LaunchPad
01520,0.774666667,0.7777777779999999,2017,Fall,101,LaunchPad
45096,0.726,0.8888888890000001,2017,Fall,101,LaunchPad
21829,0.909666667,0.7777777779999999,2017,Fall,101,LaunchPad
86369,0.599,0.7777777779999999,2017,Fall,101,LaunchPad
92049,0.7959999999999999,0.7777777779999999,2017,Fall,101,LaunchPad
40401,0.8420000000000001,0.8888888890000001,2017,Fall,101,LaunchPad
85549,0.958666667,0.7777777779999999,2017,Fall,101,LaunchPad
61000,0.570333333,0.8888888890000001,2017,Fall,101,LaunchPad
20342,0.7849677270000001,0.818181818,2018,Spring,101,Sapling
21683,0.576297273,0.818181818,2018,Spring,101,Sapling
87318,0.431822273,0.9090909090000001,2018,Spring,101,Sapling
20727,0.9092074240000001,0.9090909090000001,2018,Spring,101,Sapling
46364,0.7513993940000001,0.727272727,2018,Spring,101,Sapling
86916,0.5675283329999999,0.363636364,2018,Spring,101,Sapling
88555,0.960239848,0.818181818,2018,Spring,101,Sapling
74567,0.558391667,0.272727273,2018,Spring,101,Sapling
84809,0.7773975759999999,0.636363636,2018,Spring,101,Sapling
49549,0.622995758,0.727272727,2018,Spring,101,Sapling
55442,0.721420152,0.454545455,2018,Spring,101,Sapling
35926,0.882934697,0.727272727,2018,Spring,101,Sapling
47404,0.773959697,0.9090909090000001,2018,Spring,101,Sapling
94009,0.735268939,0.9090909090000001,2018,Spring,101,Sapling
14479,0.778498485,0.454545455,2018,Spring,101,Sapling
67477,0.68,0.818181818,2018,Spring,101,Sapling
84711,0.8219477270000001,0.636363636,2018,Spring,101,Sapling
54552,0.857202424,0.818181818,2018,Spring,101,Sapling
45379,0.780354697,0.636363636,2018,Spring,101,Sapling
57093,0.648511061,0.727272727,2018,Spring,101,Sapling
54484,0.12204590900000001,0.272727273,2018,Spring,101,Sapling
13860,0.695398333,0.9090909090000001,2018,Spring,101,Sapling
30392,0.576968939,0.363636364,2018,Spring,101,Sapling
59636,0.274359545,0.545454545,2018,Spring,101,Sapling
04625,0.884074848,0.818181818,2018,Spring,101,Sapling
64106,0.803505455,0.9090909090000001,2018,Spring,101,Sapling
30981,0.888070606,0.9090909090000001,2018,Spring,101,Sapling
31018,0.8820359090000001,0.9090909090000001,2018,Spring,101,Sapling
22332,0.84288697,0.9090909090000001,2018,Spring,101,Sapling
72785,0.875930455,0.9090909090000001,2018,Spring,101,Sapling
34982,0.841157121,0.9090909090000001,2018,Spring,101,Sapling
25629,0.163421364,0.545454545,2018,Spring,101,Sapling
07123,0.597733788,0.727272727,2018,Spring,101,Sapling
28983,0.855479242,0.818181818,2018,Spring,101,Sapling
28471,0.232176364,0.545454545,2018,Spring,101,Sapling
63179,0.40671181799999995,0.090909091,2018,Spring,101,Sapling
58854,0.784759091,0.9090909090000001,2018,Spring,101,Sapling
76012,0.734639697,0.9090909090000001,2018,Spring,101,Sapling
86804,0.293263182,0.272727273,2018,Spring,101,Sapling
98482,0.364895455,0.818181818,2018,Spring,101,Sapling
67912,0.73836697,0.9090909090000001,2018,Spring,101,Sapling
19120,0.735165758,0.818181818,2018,Spring,101,Sapling
28939,0.906864697,0.9090909090000001,2018,Spring,101,Sapling
59000,0.79152197,0.9090909090000001,2018,Spring,101,Sapling
18649,0.236382727,0.272727273,2018,Spring,101,Sapling
34368,0.865918788,0.727272727,2018,Spring,101,Sapling
12250,0.9279183329999999,0.727272727,2018,Spring,101,Sapling
55749,0.68,0.818181818,2018,Spring,101,Sapling
57859,0.7038963640000001,0.636363636,2018,Spring,101,Sapling
56857,0.130073636,0.636363636,2018,Spring,101,Sapling
41154,0.31218681800000003,0.727272727,2018,Spring,101,Sapling
08554,0.7130101520000001,0.818181818,2018,Spring,101,Sapling
17838,0.6810883329999999,0.818181818,2018,Spring,101,Sapling
30430,0.124975,0.727272727,2018,Spring,101,Sapling
94384,0.68695697,0.9090909090000001,2018,Spring,101,Sapling
23470,0.831747835,0.9090909090000001,2018,Spring,102,Sapling
55865,0.68,0.954545455,2018,Spring,102,Sapling
24669,0.7333147190000001,0.681818182,2018,Spring,102,Sapling
29191,0.7510891129999999,0.681818182,2018,Spring,102,Sapling
21211,0.68,0.727272727,2018,Spring,102,Sapling
54141,0.58869368,0.681818182,2018,Spring,102,Sapling
18896,0.704340909,0.8636363640000001,2018,Spring,102,Sapling
84755,0.8240693720000001,0.772727273,2018,Spring,102,Sapling
49695,0.836554675,0.954545455,2018,Spring,102,Sapling
92617,0.947063463,0.954545455,2018,Spring,102,Sapling
27698,0.988280195,0.954545455,2018,Spring,102,Sapling
01612,0.5910126410000001,1.0,2018,Spring,102,Sapling
11221,0.71522039,0.75,2018,Spring,102,Sapling
64905,0.279717424,0.4375,2018,Spring,102,Sapling
47417,0.939857597,0.8125,2018,Spring,102,Sapling
45524,0.975138528,0.5625,2018,Spring,102,Sapling
15387,0.68,0.8125,2018,Spring,102,Sapling
35708,0.915395693,0.875,2018,Spring,102,Sapling
01839,0.544583723,0.8125,2018,Spring,102,Sapling
21854,0.403980974,0.6875,2018,Spring,102,Sapling
33094,0.542645455,0.8125,2018,Spring,102,Sapling
15916,0.79,0.75,2018,Spring,102,Sapling
94069,0.40525424200000004,0.4375,2018,Spring,102,Sapling
99313,0.519638052,0.6875,2018,Spring,102,Sapling
29017,0.969963095,1.0,2018,Spring,102,Sapling
38424,0.958123831,1.0,2018,Spring,102,Sapling
84948,0.37221244600000003,0.5625,2018,Spring,102,Sapling
41513,0.354999134,0.5625,2018,Spring,102,Sapling
97052,0.7221,0.6875,2018,Spring,102,Sapling
46765,0.96571184,0.75,2018,Spring,102,Sapling
19107,0.0,0.0,2018,Spring,102,Sapling
84542,0.42393026,1.0,2018,Spring,102,Sapling
61588,0.803410823,0.75,2018,Spring,102,Sapling
41706,0.333386299,0.25925925899999996,2018,Spring,101,Sapling
27288,0.249848485,0.333333333,2018,Spring,101,Sapling
74874,0.68,0.814814815,2018,Spring,101,Sapling
95947,0.9805501520000001,0.444444444,2018,Spring,101,Sapling
54181,0.984038658,1.0,2018,Spring,101,Sapling
53325,0.743750455,0.8888888890000001,2018,Spring,101,Sapling
03086,0.7240997840000001,1.0,2018,Spring,101,Sapling
34220,0.396167511,1.0,2018,Spring,101,Sapling
69258,0.89,0.9259259259999999,2018,Spring,101,Sapling
10540,0.980637489,0.8888888890000001,2018,Spring,101,Sapling
37033,0.79,0.814814815,2018,Spring,101,Sapling
64842,0.169774805,0.111111111,2018,Spring,101,Sapling
21935,0.14318181800000002,0.148148148,2018,Spring,101,Sapling
39397,0.9579061040000001,1.0,2018,Spring,101,Sapling
79657,0.26293941600000004,0.7777777779999999,2018,Spring,101,Sapling
27801,0.8151653459999999,0.740740741,2018,Spring,101,Sapling
29551,0.89,0.8888888890000001,2018,Spring,101,Sapling
66899,0.5906412120000001,0.666666667,2018,Spring,101,Sapling
53421,0.276353225,0.37037037,2018,Spring,101,Sapling
77660,0.89,0.962962963,2018,Spring,101,Sapling
38419,0.80455697,0.518518519,2018,Spring,101,Sapling
56207,0.7336704759999999,0.9259259259999999,2018,Spring,101,Sapling
34075,0.68,1.0,2018,Spring,101,Sapling
02185,0.68,0.740740741,2018,Spring,101,Sapling
92777,0.9166905190000001,1.0,2018,Spring,101,Sapling
41464,0.209501667,0.4,2018,Spring,101,Sapling
16562,0.89,0.8,2018,Spring,101,Sapling
70555,0.951890455,0.56,2018,Spring,101,Sapling
08489,0.952772727,0.88,2018,Spring,101,Sapling
90002,0.523209026,0.6,2018,Spring,101,Sapling
51971,0.838561818,0.92,2018,Spring,101,Sapling
08271,0.793359307,0.52,2018,Spring,101,Sapling
35391,0.6921840690000001,0.2,2018,Spring,101,Sapling
38085,0.8211871209999999,0.64,2018,Spring,101,Sapling
02696,0.795260952,0.32,2018,Spring,101,Sapling
32912,0.68,0.64,2018,Spring,101,Sapling
29017,0.9487562340000001,0.96,2018,Spring,101,Sapling
70295,0.8075073159999999,1.0,2018,Spring,101,Sapling
09378,0.73643329,0.76,2018,Spring,101,Sapling
36927,0.716323983,0.32,2018,Spring,101,Sapling
41753,0.854793247,0.6,2018,Spring,101,Sapling
32008,0.907645887,0.52,2018,Spring,101,Sapling
42441,0.79,0.8,2018,Spring,101,Sapling
30502,0.532987597,0.16,2018,Spring,101,Sapling
06918,0.757376429,0.76,2018,Spring,101,Sapling
21229,0.26823541100000003,0.64,2018,Spring,101,Sapling
45838,0.5358868179999999,0.5,2018,Fall,102,Sapling
57787,0.646788182,0.933333333,2018,Fall,102,Sapling
88119,0.711441364,0.833333333,2018,Fall,102,Sapling
81688,0.7292350000000001,0.7333333329999999,2018,Fall,102,Sapling
63448,0.0,0.0,2018,Fall,102,Sapling
28953,0.7025736359999999,0.7,2018,Fall,102,Sapling
65057,0.6823363640000001,0.566666667,2018,Fall,102,Sapling
59808,0.68,0.36666666700000006,2018,Fall,102,Sapling
29161,0.636370455,0.9,2018,Fall,102,Sapling
98821,0.2654,0.133333333,2018,Fall,102,Sapling
60309,0.084,0.533333333,2018,Fall,102,Sapling
88555,0.84,0.566666667,2018,Fall,102,Sapling
78305,0.49190681799999997,0.3,2018,Fall,102,Sapling
05016,0.6823240909999999,0.666666667,2018,Fall,102,Sapling
49460,0.6798986359999999,0.8,2018,Fall,102,Sapling
71702,0.88,0.9,2018,Fall,102,Sapling
36138,0.84,0.7333333329999999,2018,Fall,102,Sapling
89459,0.974801818,0.8666666670000001,2018,Fall,102,Sapling
64751,0.799299091,0.966666667,2018,Fall,102,Sapling
23873,0.88,0.966666667,2018,Fall,102,Sapling
47964,0.8,0.8666666670000001,2018,Fall,102,Sapling
94292,0.760989545,0.7333333329999999,2018,Fall,102,Sapling
19437,0.319990909,0.666666667,2018,Fall,102,Sapling
96411,0.47473999999999994,0.933333333,2018,Fall,102,Sapling
48653,0.8822,0.7333333329999999,2018,Fall,102,Sapling
51901,0.68,0.9,2018,Fall,102,Sapling
81776,0.7785,0.933333333,2018,Fall,102,Sapling
38605,0.73,0.566666667,2018,Fall,102,Sapling
03783,0.813519091,0.833333333,2018,Fall,102,Sapling
27264,0.7357359090000001,0.7333333329999999,2018,Fall,102,Sapling
15042,0.030329091000000002,0.26666666699999997,2018,Fall,102,Sapling
50798,0.647179545,0.9,2018,Fall,102,Sapling
85182,0.706207727,0.7,2018,Fall,102,Sapling
04058,0.6804422729999999,0.966666667,2018,Fall,102,Sapling
65678,0.881754545,0.9,2018,Fall,102,Sapling
99093,0.632182727,0.8666666670000001,2018,Fall,102,Sapling
04948,0.694187727,0.9,2018,Fall,102,Sapling
47333,0.9611799999999999,0.46666666700000003,2018,Fall,102,Sapling
70511,0.8567572729999999,0.966666667,2018,Fall,102,Sapling
14341,0.777792273,0.933333333,2018,Fall,102,Sapling
92321,0.89,0.933333333,2018,Fall,102,Sapling
13996,0.84,0.9,2018,Fall,102,Sapling
67030,0.5362572729999999,0.7,2018,Fall,102,Sapling
14002,0.92,0.7666666670000001,2018,Fall,102,Sapling
07805,0.8864700000000001,0.7666666670000001,2018,Fall,102,Sapling
18849,0.76,0.7333333329999999,2018,Fall,102,Sapling
14974,0.84,0.6333333329999999,2018,Fall,102,Sapling
00320,0.384576818,0.566666667,2018,Fall,102,Sapling
31784,0.681302727,0.8,2018,Fall,102,Sapling
72126,0.8131368179999999,0.8666666670000001,2018,Fall,102,Sapling
43081,0.7601913640000001,0.7666666670000001,2018,Fall,102,Sapling
63144,0.48486999999999997,0.7666666670000001,2018,Fall,102,Sapling
85430,0.681945455,0.833333333,2018,Fall,102,Sapling
33675,0.393946818,0.566666667,2018,Fall,102,Sapling
71298,0.73,0.7,2018,Fall,102,Sapling
54583,0.646544091,0.666666667,2018,Fall,102,Sapling
80027,0.764675455,0.8,2018,Fall,102,Sapling
17568,0.411826818,0.5,2018,Fall,102,Sapling
58578,0.34575,0.26666666699999997,2018,Fall,102,Sapling
75083,0.84,0.7666666670000001,2018,Fall,102,Sapling
58330,0.76,0.833333333,2018,Fall,102,Sapling
15022,0.619359545,0.7333333329999999,2018,Fall,102,Sapling
15659,0.84,0.933333333,2018,Fall,102,Sapling
25627,0.68,0.933333333,2018,Fall,102,Sapling
63989,0.807217727,0.833333333,2018,Fall,102,Sapling
67989,0.545805455,0.233333333,2018,Fall,102,Sapling
87675,0.88,0.8,2018,Fall,102,Sapling
67161,0.6119336360000001,0.65,2018,Fall,102,Sapling
67720,0.8,0.9,2018,Fall,102,Sapling
56049,0.7118263640000001,0.7,2018,Fall,102,Sapling
61904,0.43592090899999997,0.4,2018,Fall,102,Sapling
73414,0.68,0.4,2018,Fall,102,Sapling
03066,0.84,0.95,2018,Fall,102,Sapling
80265,0.719370455,0.8,2018,Fall,102,Sapling
95600,0.699086364,0.5,2018,Fall,102,Sapling
80082,0.73,0.85,2018,Fall,102,Sapling
83603,0.88,0.8,2018,Fall,102,Sapling
76854,0.84,0.95,2018,Fall,102,Sapling
85725,0.68,0.4,2018,Fall,102,Sapling
87766,0.265566818,0.75,2018,Fall,102,Sapling
77374,0.738414091,0.65,2018,Fall,102,Sapling
26579,0.76,0.8,2018,Fall,102,Sapling
05913,0.314985455,0.65,2018,Fall,102,Sapling
57206,0.43693772700000005,0.3,2018,Fall,102,Sapling
48081,0.73,0.6,2018,Fall,102,Sapling
00740,0.700160455,0.9,2018,Fall,102,Sapling
05186,0.8,0.95,2018,Fall,102,Sapling
03837,0.382263636,0.85,2018,Fall,102,Sapling
27229,0.76,0.8,2018,Fall,102,Sapling
85464,0.5657281820000001,0.8,2018,Fall,102,Sapling
98569,0.632796818,0.85,2018,Fall,102,Sapling
42714,0.035414999999999995,0.75,2018,Fall,102,Sapling
89131,0.979126818,0.95,2018,Fall,102,Sapling
16843,0.515930455,0.75,2018,Fall,102,Sapling
59582,0.8,0.95,2018,Fall,102,Sapling
20357,0.503184545,0.6,2018,Fall,102,Sapling
07665,0.589245909,0.85,2018,Fall,102,Sapling
24283,0.73,0.9,2018,Fall,102,Sapling
26467,0.568201364,0.1,2018,Fall,102,Sapling
04753,0.73,0.9,2018,Fall,102,Sapling
56110,0.539514091,0.6,2018,Fall,102,Sapling
86175,0.76,0.6,2018,Fall,102,Sapling
97681,0.778432273,0.6,2018,Fall,102,Sapling
75097,0.8,0.5,2018,Fall,102,Sapling
71099,0.449305455,0.15,2018,Fall,102,Sapling
71788,0.634622273,0.8,2018,Fall,102,Sapling
68768,0.649420455,0.6,2018,Fall,102,Sapling
47839,0.607124545,0.75,2018,Fall,102,Sapling
37885,0.7027427270000001,0.85,2018,Fall,102,Sapling
52041,0.8,0.95,2018,Fall,102,Sapling
71274,0.6061627270000001,0.95,2018,Fall,102,Sapling
96481,0.608708182,0.8,2018,Fall,102,Sapling
76123,0.68,0.9,2018,Fall,102,Sapling
60159,0.68,0.6,2018,Fall,102,Sapling
66182,0.738957273,0.75,2018,Fall,102,Sapling
85170,0.7681709090000001,0.4,2018,Fall,102,Sapling
09870,0.999166667,0.944444444,2018,Fall,101,Sapling
49048,0.934505563,0.7777777779999999,2018,Fall,101,Sapling
87907,0.9020381390000001,0.7777777779999999,2018,Fall,101,Sapling
12968,0.693153896,0.666666667,2018,Fall,101,Sapling
08937,0.545554784,0.833333333,2018,Fall,101,Sapling
71731,1.0,0.944444444,2018,Fall,101,Sapling
27651,0.68,0.8888888890000001,2018,Fall,101,Sapling
78369,1.0,0.8888888890000001,2018,Fall,101,Sapling
33402,0.975614091,0.833333333,2018,Fall,101,Sapling
23210,0.8016761040000001,0.7222222220000001,2018,Fall,101,Sapling
43934,0.597984524,0.8888888890000001,2018,Fall,101,Sapling
12863,0.716606407,0.7777777779999999,2018,Fall,101,Sapling
10478,1.0,0.944444444,2018,Fall,101,Sapling
11848,0.8008105190000001,0.7777777779999999,2018,Fall,101,Sapling
22837,0.8,0.653846154,2018,Fall,101,Sapling
07088,0.760301338,0.961538462,2018,Fall,101,Sapling
12470,0.699522485,0.923076923,2018,Fall,101,Sapling
98159,0.799891578,0.807692308,2018,Fall,101,Sapling
09761,0.746250201,0.961538462,2018,Fall,101,Sapling
15820,0.776616435,0.846153846,2018,Fall,101,Sapling
06935,0.646848262,0.807692308,2018,Fall,101,Sapling
05894,0.8643268479999999,0.7692307690000001,2018,Fall,101,Sapling
98408,0.84,0.923076923,2018,Fall,101,Sapling
13503,0.785503285,0.884615385,2018,Fall,101,Sapling
95525,0.822765106,0.7307692309999999,2018,Fall,101,Sapling
19857,0.801067518,0.961538462,2018,Fall,101,Sapling
06364,0.92,0.884615385,2018,Fall,101,Sapling
96427,0.9220978890000001,0.923076923,2018,Fall,101,Sapling
02564,0.71150426,0.923076923,2018,Fall,101,Sapling
16161,0.919954523,0.846153846,2018,Fall,101,Sapling
15153,0.7690858309999999,0.923076923,2018,Fall,101,Sapling
22523,0.47150072200000004,0.692307692,2018,Fall,101,Sapling
96603,0.939851082,0.807692308,2018,Fall,101,Sapling
03556,0.8186909609999999,0.7692307690000001,2018,Fall,101,Sapling
04673,0.843083515,0.923076923,2018,Fall,101,Sapling
15277,0.8666349990000001,0.846153846,2018,Fall,101,Sapling
23775,0.7624773440000001,0.653846154,2018,Fall,101,Sapling
05809,0.806861783,0.7692307690000001,2018,Fall,101,Sapling
16822,0.908962965,0.923076923,2018,Fall,101,Sapling
01212,0.958082283,0.653846154,2018,Fall,101,Sapling
08975,0.88,0.7692307690000001,2018,Fall,101,Sapling
02866,0.88,0.923076923,2018,Fall,101,Sapling
32223,0.68,0.923076923,2018,Fall,101,Sapling
97025,0.860260204,0.576923077,2018,Fall,101,Sapling
02877,0.45470610100000003,0.5,2018,Fall,101,Sapling
00345,0.964907088,0.884615385,2018,Fall,101,Sapling
76707,0.866416512,0.653846154,2018,Fall,101,Sapling
22869,0.5976372879999999,0.692307692,2018,Fall,101,Sapling
00517,0.8208174090000001,0.7307692309999999,2018,Fall,101,Sapling
00603,0.858602572,0.7307692309999999,2018,Fall,101,Sapling
00520,0.752476823,0.961538462,2018,Fall,101,Sapling
65834,0.830522054,0.384615385,2018,Fall,101,Sapling
97408,0.8,0.7307692309999999,2018,Fall,101,Sapling
04383,0.825024608,0.884615385,2018,Fall,101,Sapling
12374,0.8553904109999999,0.740740741,2018,Fall,101,Sapling
67222,0.68,0.740740741,2018,Fall,101,Sapling
11126,0.8898040909999999,0.962962963,2018,Fall,101,Sapling
03112,0.9954481820000001,0.8888888890000001,2018,Fall,101,Sapling
12742,0.949617554,0.962962963,2018,Fall,101,Sapling
68191,0.839259978,0.9259259259999999,2018,Fall,101,Sapling
14717,0.7806572940000001,0.8888888890000001,2018,Fall,101,Sapling
95906,0.866905368,0.962962963,2018,Fall,101,Sapling
14773,0.944579675,0.8888888890000001,2018,Fall,101,Sapling
07117,0.9488194809999999,0.8888888890000001,2018,Fall,101,Sapling
20856,0.331170065,0.851851852,2018,Fall,101,Sapling
98489,0.298116818,0.481481481,2018,Fall,101,Sapling
23997,0.8274243720000001,0.851851852,2018,Fall,101,Sapling
70286,0.8,0.851851852,2018,Fall,101,Sapling
21387,0.628979329,0.962962963,2018,Fall,101,Sapling
75650,0.8862175109999999,0.962962963,2018,Fall,101,Sapling
86804,0.9602046320000001,0.9259259259999999,2018,Fall,101,Sapling
13794,0.92,0.8888888890000001,2018,Fall,101,Sapling
74160,0.75025632,0.8888888890000001,2018,Fall,101,Sapling
99271,0.84,0.962962963,2018,Fall,101,Sapling
22286,0.76,0.962962963,2018,Fall,101,Sapling
00758,0.68,0.25925925899999996,2018,Fall,101,Sapling
99506,0.7689818829999999,0.666666667,2018,Fall,101,Sapling
96731,0.8109593509999999,0.8888888890000001,2018,Fall,101,Sapling
14412,0.681360238,0.62962963,2018,Fall,101,Sapling
10165,0.7896130090000001,0.7777777779999999,2018,Fall,101,Sapling
96951,1.0,0.740740741,2018,Fall,101,Sapling
01426,0.9199206059999999,0.9259259259999999,2018,Fall,101,Sapling
00035,0.8845833329999999,0.962962963,2018,Fall,101,Sapling
01633,0.74342487,0.962962963,2018,Fall,101,Sapling
78100,0.8554060609999999,0.8888888890000001,2018,Fall,101,Sapling
25196,0.9102787659999999,0.962962963,2018,Fall,101,Sapling
94497,0.808923463,0.7777777779999999,2018,Fall,101,Sapling
04522,0.8476296320000001,0.8888888890000001,2018,Fall,101,Sapling
17468,0.625732489,0.9259259259999999,2018,Fall,101,Sapling
03431,0.7724765579999999,0.814814815,2018,Fall,101,Sapling
16810,0.8842726190000001,0.962962963,2018,Fall,101,Sapling
17782,0.721203701,0.962962963,2018,Fall,101,Sapling
04527,0.762024156,0.962962963,2018,Fall,101,Sapling
19629,0.680333333,0.565217391,2019,Spring,101,Achieve
29640,0.92,0.826086957,2019,Spring,101,Achieve
77700,0.9471666670000001,0.869565217,2019,Spring,101,Achieve
56049,0.73,0.739130435,2019,Spring,101,Achieve
69506,0.88,0.956521739,2019,Spring,101,Achieve
59557,0.9268333329999999,0.695652174,2019,Spring,101,Achieve
61199,0.736,0.7826086959999999,2019,Spring,101,Achieve
19195,0.142166667,0.21739130399999998,2019,Spring,101,Achieve
59808,0.6476666670000001,0.434782609,2019,Spring,101,Achieve
01931,0.88,0.956521739,2019,Spring,101,Achieve
62493,0.946416667,0.956521739,2019,Spring,101,Achieve
78305,0.6911666670000001,0.7826086959999999,2019,Spring,101,Achieve
88824,0.08075,0.21739130399999998,2019,Spring,101,Achieve
36138,0.7384166670000001,0.434782609,2019,Spring,101,Achieve
06693,0.842166667,0.739130435,2019,Spring,101,Achieve
94292,0.868583333,0.7826086959999999,2019,Spring,101,Achieve
39489,0.43641666700000004,0.6521739129999999,2019,Spring,101,Achieve
97646,0.80425,0.869565217,2019,Spring,101,Achieve
00566,0.11125,0.304347826,2019,Spring,101,Achieve
69485,0.92,0.869565217,2019,Spring,101,Achieve
70171,0.68,0.7826086959999999,2019,Spring,101,Achieve
86759,0.937916667,0.6521739129999999,2019,Spring,101,Achieve
34638,0.8165,0.6521739129999999,2019,Spring,101,Achieve
34458,0.1435,0.260869565,2019,Spring,101,Achieve
05186,0.92,0.6521739129999999,2019,Spring,101,Achieve
88637,0.842833333,0.739130435,2019,Spring,101,Achieve
11881,0.042583333,0.043478261,2019,Spring,101,Achieve
08914,0.95525,0.826086957,2019,Spring,101,Achieve
14351,0.551333333,0.21739130399999998,2019,Spring,101,Achieve
14465,0.8455,0.7826086959999999,2019,Spring,101,Achieve
22793,0.0,0.695652174,2019,Spring,101,Achieve
29894,0.92,0.913043478,2019,Spring,101,Achieve
67065,0.49008333299999995,0.260869565,2019,Spring,101,Achieve
07118,0.68125,0.695652174,2019,Spring,101,Achieve
26111,0.34816666700000004,0.695652174,2019,Spring,101,Achieve
49338,0.8665,0.913043478,2019,Spring,101,Achieve
00099,0.647166667,0.565217391,2019,Spring,101,Achieve
97681,0.734666667,0.434782609,2019,Spring,101,Achieve
23101,0.511,0.39130434799999997,2019,Spring,101,Achieve
59843,0.758,0.260869565,2019,Spring,101,Achieve
53703,0.955583333,0.869565217,2019,Spring,101,Achieve
64641,0.35066666700000004,0.739130435,2019,Spring,101,Achieve
87606,0.679083333,0.347826087,2019,Spring,101,Achieve
88689,0.863083333,0.608695652,2019,Spring,101,Achieve
82042,0.8573333329999999,0.7826086959999999,2019,Spring,101,Achieve
91631,0.068,0.39130434799999997,2019,Spring,101,Achieve
31758,0.937666667,0.913043478,2019,Spring,101,Achieve
12344,0.812,0.869565217,2019,Spring,101,Achieve
56973,0.843583333,0.869565217,2019,Spring,101,Achieve
44606,1.0,0.739130435,2019,Spring,101,Achieve
54709,0.926083333,0.565217391,2019,Spring,101,Achieve
54149,0.0885,0.608695652,2019,Spring,101,Achieve
58330,0.730916667,0.47826087,2019,Spring,101,Achieve
97266,0.829416667,0.434782609,2019,Spring,101,Achieve
26119,0.170666667,0.260869565,2019,Spring,101,Achieve
84607,0.6495,0.434782609,2019,Spring,101,Achieve
52599,0.88,0.52173913,2019,Spring,101,Achieve
92516,0.621083333,0.260869565,2019,Spring,101,Achieve
11405,0.8813333329999999,0.565217391,2019,Spring,101,Achieve
18916,0.8624166670000001,0.739130435,2019,Spring,101,Achieve
33426,0.88,0.7826086959999999,2019,Spring,101,Achieve
94850,0.848916667,0.956521739,2019,Spring,101,Achieve
16218,0.730916667,0.47826087,2019,Spring,101,Achieve
85899,0.6901666670000001,0.47826087,2019,Spring,101,Achieve
67720,0.932083333,0.9,2019,Spring,101,Achieve
09320,0.84,0.9,2019,Spring,101,Achieve
02637,0.765416667,0.5,2019,Spring,101,Achieve
55451,0.842916667,0.9,2019,Spring,101,Achieve
47843,0.4675,0.7,2019,Spring,101,Achieve
99827,0.13725,0.6,2019,Spring,101,Achieve
90376,0.823833333,0.6,2019,Spring,101,Achieve
15338,0.6485,0.6,2019,Spring,101,Achieve
46033,0.68,0.7,2019,Spring,101,Achieve
69519,0.64,0.8,2019,Spring,101,Achieve
24256,0.48875,0.4,2019,Spring,101,Achieve
57642,0.0,0.1,2019,Spring,101,Achieve
09555,0.8071666670000001,0.9,2019,Spring,101,Achieve
74489,0.965583333,0.9090909090000001,2019,Spring,102,Achieve
05715,0.742,0.9090909090000001,2019,Spring,102,Achieve
86264,0.967166667,0.9090909090000001,2019,Spring,102,Achieve
88715,0.705,0.0,2019,Spring,102,Achieve
62114,0.965833333,0.303030303,2019,Spring,102,Achieve
64407,0.052916667,0.606060606,2019,Spring,102,Achieve
80200,0.087,0.9090909090000001,2019,Spring,102,Achieve
72599,0.722,0.9090909090000001,2019,Spring,102,Achieve
51046,0.778333333,0.9090909090000001,2019,Spring,102,Achieve
68895,0.76525,0.9090909090000001,2019,Spring,102,Achieve
80485,1.0,0.9090909090000001,2019,Spring,102,Achieve
43909,0.88,0.9090909090000001,2019,Spring,102,Achieve
95118,0.895166667,0.9090909090000001,2019,Spring,102,Achieve
89426,0.78125,0.9090909090000001,2019,Spring,102,Achieve
36005,0.84,0.606060606,2019,Spring,102,Achieve
36993,0.84,0.9090909090000001,2019,Spring,102,Achieve
32534,0.92,0.9090909090000001,2019,Spring,102,Achieve
63797,0.6968333329999999,0.606060606,2019,Spring,102,Achieve
64084,0.632083333,0.9090909090000001,2019,Spring,102,Achieve
07163,0.8505,0.606060606,2019,Spring,102,Achieve
54379,0.998166667,0.606060606,2019,Spring,102,Achieve
12033,0.7295,0.606060606,2019,Spring,102,Achieve
78408,0.84,0.9090909090000001,2019,Spring,102,Achieve
28075,0.5820833329999999,0.9090909090000001,2019,Spring,102,Achieve
33262,0.740583333,0.9090909090000001,2019,Spring,102,Achieve
94900,0.690916667,0.9090909090000001,2019,Spring,102,Achieve
32434,0.773833333,0.606060606,2019,Spring,102,Achieve
62572,0.841666667,0.606060606,2019,Spring,102,Achieve
91693,0.850833333,0.9090909090000001,2019,Spring,102,Achieve
20755,0.804,0.9090909090000001,2019,Spring,102,Achieve
04141,0.8584166670000001,0.9090909090000001,2019,Spring,102,Achieve
37044,0.37141666700000003,0.606060606,2019,Spring,102,Achieve
37833,0.801666667,0.9090909090000001,2019,Spring,102,Achieve
12227,0.73,0.9090909090000001,2019,Spring,102,Achieve
11427,0.8,0.606060606,2019,Spring,102,Achieve
70240,0.715,0.9090909090000001,2019,Spring,102,Achieve
39059,0.9265,0.9090909090000001,2019,Spring,102,Achieve
57972,0.945083333,0.9090909090000001,2019,Spring,102,Achieve
15351,0.8644166670000001,0.9090909090000001,2019,Spring,102,Achieve
24539,0.733083333,0.9090909090000001,2019,Spring,102,Achieve
45808,0.92,0.9090909090000001,2019,Spring,102,Achieve
72538,0.92,0.9090909090000001,2019,Spring,102,Achieve
83052,0.8098333329999999,0.303030303,2019,Spring,102,Achieve
00405,1.0,0.9523809520000001,2019,Spring,102,Canvas
49770,0.163689572,0.7142857140000001,2019,Spring,102,Canvas
54023,0.269024476,0.0,2019,Spring,102,Canvas
59763,0.815465104,0.9523809520000001,2019,Spring,102,Canvas
06639,0.99432282,0.23809523800000001,2019,Spring,102,Canvas
20129,0.823557185,0.9523809520000001,2019,Spring,102,Canvas
92169,0.30399246,0.9523809520000001,2019,Spring,102,Canvas
14246,0.595852794,0.9523809520000001,2019,Spring,102,Canvas
07779,0.8130901079999999,0.7142857140000001,2019,Spring,102,Canvas
49245,0.813567145,0.7142857140000001,2019,Spring,102,Canvas
11134,0.89,0.9523809520000001,2019,Spring,102,Canvas
20395,0.929098513,0.9523809520000001,2019,Spring,102,Canvas
03397,0.564035654,0.7142857140000001,2019,Spring,102,Canvas
10184,0.7137611290000001,0.9523809520000001,2019,Spring,102,Canvas
13254,0.324340326,0.9523809520000001,2019,Spring,102,Canvas
07111,0.8118727809999999,0.7142857140000001,2019,Spring,102,Canvas
95860,0.20470122699999999,0.9523809520000001,2019,Spring,102,Canvas
36927,0.8076310729999999,0.47619047600000003,2019,Spring,102,Canvas
00744,0.746986557,0.47619047600000003,2019,Spring,102,Canvas
09031,0.7949534890000001,0.9523809520000001,2019,Spring,102,Canvas
78637,0.480333833,0.7142857140000001,2019,Spring,102,Canvas
76799,0.970637458,0.47619047600000003,2019,Spring,102,Canvas
00685,0.20270979,0.9523809520000001,2019,Spring,102,Canvas
87363,0.9013455579999999,0.9523809520000001,2019,Spring,102,Canvas
01802,0.930103307,0.9523809520000001,2019,Spring,102,Canvas
08549,0.89,0.9523809520000001,2019,Spring,102,Canvas
30937,0.22236829800000002,0.9523809520000001,2019,Spring,102,Canvas
59171,0.9773333329999999,0.7142857140000001,2019,Fall,102,Achieve
61878,0.8729523809999999,0.857142857,2019,Fall,102,Achieve
27233,0.75722619,0.9285714290000001,2019,Fall,102,Achieve
59824,0.92175,0.7857142859999999,2019,Fall,102,Achieve
57060,0.992583333,0.75,2019,Fall,102,Achieve
55222,0.938666667,0.9285714290000001,2019,Fall,102,Achieve
79589,0.8480357140000001,0.5,2019,Fall,102,Achieve
33252,0.836678571,0.5,2019,Fall,102,Achieve
07985,0.68,0.28571428600000004,2019,Fall,102,Achieve
46327,0.717654762,0.428571429,2019,Fall,102,Achieve
22667,0.9698571429999999,0.7857142859999999,2019,Fall,102,Achieve
70874,0.8485952379999999,0.8214285709999999,2019,Fall,102,Achieve
42876,0.8065,0.892857143,2019,Fall,102,Achieve
21860,0.945333333,0.9285714290000001,2019,Fall,102,Achieve
88072,0.813059524,0.535714286,2019,Fall,102,Achieve
67477,0.935571429,0.428571429,2019,Fall,102,Achieve
41611,0.551047619,0.535714286,2019,Fall,102,Achieve
00936,0.351416667,0.17857142899999998,2019,Fall,102,Achieve
86759,0.921869048,0.321428571,2019,Fall,102,Achieve
82229,0.1485,0.071428571,2019,Fall,102,Achieve
53579,0.056666667000000004,0.035714286,2019,Fall,102,Achieve
58823,0.9748095240000001,0.214285714,2019,Fall,102,Achieve
10649,0.8974047620000001,0.642857143,2019,Fall,102,Achieve
41947,0.836011905,0.535714286,2019,Fall,102,Achieve
09127,0.605142857,0.571428571,2019,Fall,102,Achieve
23954,0.808845238,0.214285714,2019,Fall,102,Achieve
90376,0.9195595240000001,0.642857143,2019,Fall,102,Achieve
53928,0.817261905,0.642857143,2019,Fall,102,Achieve
07663,0.87102381,0.46428571399999996,2019,Fall,102,Achieve
59057,0.928345238,0.25,2019,Fall,102,Achieve
68053,1.006333333,1.0,2019,Fall,102,Achieve
29030,0.905345238,0.7142857140000001,2019,Fall,102,Achieve
08406,0.8591190479999999,0.7142857140000001,2019,Fall,102,Achieve
04955,0.96975,0.5,2019,Fall,102,Achieve
27364,0.624559524,0.535714286,2019,Fall,102,Achieve
62489,0.90675,0.28571428600000004,2019,Fall,102,Achieve
15775,0.771642857,1.0,2019,Fall,102,Achieve
38479,0.8385476190000001,0.8214285709999999,2019,Fall,102,Achieve
09666,0.698416667,0.9285714290000001,2019,Fall,102,Achieve
67080,0.628809524,0.75,2019,Fall,102,Achieve
46164,0.864440476,0.46428571399999996,2019,Fall,102,Achieve
37694,0.05375,0.0,2019,Fall,102,Achieve
40457,0.69602381,0.642857143,2019,Fall,102,Achieve
71859,0.7523690479999999,0.607142857,2019,Fall,102,Achieve
94101,0.841369048,0.5,2019,Fall,102,Achieve
30405,0.8617142859999999,0.5,2019,Fall,102,Achieve
90387,0.948404762,0.571428571,2019,Fall,102,Achieve
79753,0.68,0.39285714299999996,2019,Fall,102,Achieve
41958,0.7809999999999999,0.75,2019,Fall,102,Achieve
27005,0.964142857,0.8214285709999999,2019,Fall,102,Achieve
91289,0.107,0.576923077,2019,Fall,102,Achieve
85031,0.79,0.7692307690000001,2019,Fall,102,Achieve
64017,0.89,0.961538462,2019,Fall,102,Achieve
32868,0.46183333299999996,0.576923077,2019,Fall,102,Achieve
17064,0.209583333,0.192307692,2019,Fall,102,Achieve
83400,0.94375,0.961538462,2019,Fall,102,Achieve
68518,0.868916667,0.576923077,2019,Fall,102,Achieve
61546,0.951916667,0.961538462,2019,Fall,102,Achieve
02341,0.558916667,0.384615385,2019,Fall,102,Achieve
08784,0.89875,0.7692307690000001,2019,Fall,102,Achieve
42257,0.268,0.384615385,2019,Fall,102,Achieve
35376,0.562083333,0.7692307690000001,2019,Fall,102,Achieve
49908,0.17825,0.384615385,2019,Fall,102,Achieve
46289,0.795,0.7692307690000001,2019,Fall,102,Achieve
58633,0.015,0.0,2019,Fall,102,Achieve
88072,0.232333333,0.384615385,2019,Fall,102,Achieve
18250,0.928333333,0.7692307690000001,2019,Fall,102,Achieve
30288,0.651333333,0.576923077,2019,Fall,102,Achieve
14080,0.0,0.192307692,2019,Fall,102,Achieve
12615,0.92475,0.961538462,2019,Fall,102,Achieve
02724,0.253,0.7692307690000001,2019,Fall,102,Achieve
49402,0.840833333,0.961538462,2019,Fall,102,Achieve
37000,0.819416667,0.7692307690000001,2019,Fall,102,Achieve
88507,0.9966666670000001,0.576923077,2019,Fall,102,Achieve
22245,0.807666667,0.576923077,2019,Fall,102,Achieve
74269,0.0,0.0,2019,Fall,102,Achieve
84055,1.0,0.961538462,2019,Fall,102,Achieve
19757,0.9441666670000001,0.7692307690000001,2019,Fall,102,Achieve
49165,0.89,0.961538462,2019,Fall,102,Achieve
16500,0.9614166670000001,0.7692307690000001,2019,Fall,102,Achieve
76281,0.997833333,0.961538462,2019,Fall,102,Achieve
57325,0.583583333,0.576923077,2019,Fall,102,Achieve
09599,0.7435,0.961538462,2019,Fall,102,Achieve
35344,0.1315,0.384615385,2019,Fall,102,Achieve
69673,0.7576666670000001,0.192307692,2019,Fall,102,Achieve
38623,0.7355,0.7692307690000001,2019,Fall,102,Achieve
13120,0.7523333329999999,0.7692307690000001,2019,Fall,102,Achieve
28346,0.9329999999999999,0.384615385,2019,Fall,102,Achieve
85824,0.901833333,0.961538462,2019,Fall,102,Achieve
34011,0.9315,0.7692307690000001,2019,Fall,102,Achieve
68557,0.68,0.7692307690000001,2019,Fall,102,Achieve
72010,0.6958333329999999,0.7692307690000001,2019,Fall,102,Achieve
04343,0.684416667,0.15,2019,Fall,102,Achieve
06574,0.146083333,0.961538462,2019,Fall,102,Achieve
09084,0.905,0.15,2019,Fall,102,Achieve
72774,0.03,0.384615385,2019,Fall,102,Achieve
53412,0.9540000000000001,0.7692307690000001,2019,Fall,102,Achieve
73147,0.0,0.0,2019,Fall,102,Achieve
41394,0.89,0.576923077,2019,Fall,102,Achieve
96210,0.79,0.961538462,2019,Fall,102,Achieve
36927,0.8490833329999999,0.7692307690000001,2019,Fall,102,Achieve
54872,0.9175,0.15,2019,Fall,102,Achieve
82355,0.385,0.15,2019,Fall,102,Achieve
13637,0.958833333,0.7692307690000001,2019,Fall,102,Achieve
50682,0.82,0.7692307690000001,2019,Fall,102,Achieve
49163,0.84375,0.961538462,2019,Fall,102,Achieve
85167,0.211333333,0.576923077,2019,Fall,102,Achieve
41437,0.7596666670000001,0.15,2019,Fall,102,Achieve
94739,0.56175,0.384615385,2019,Fall,102,Achieve
74019,0.9390000000000001,0.7692307690000001,2019,Fall,102,Achieve
14972,0.998916667,0.15,2019,Fall,102,Achieve
54082,1.0,0.9859154929999999,2019,Fall,101,Achieve
45541,0.91675,0.9859154929999999,2019,Fall,101,Achieve
55177,0.962833333,0.9859154929999999,2019,Fall,101,Achieve
64672,0.9550833329999999,0.845070423,2019,Fall,101,Achieve
03769,0.957666667,0.9859154929999999,2019,Fall,101,Achieve
41211,0.9345,0.9859154929999999,2019,Fall,101,Achieve
04143,0.929916667,0.9859154929999999,2019,Fall,101,Achieve
34192,1.0,0.422535211,2019,Fall,101,Achieve
45129,0.505833333,0.9859154929999999,2019,Fall,101,Achieve
59732,0.8504166670000001,0.9859154929999999,2019,Fall,101,Achieve
54645,0.951833333,0.845070423,2019,Fall,101,Achieve
63791,0.99975,0.9859154929999999,2019,Fall,101,Achieve
35289,0.883833333,0.845070423,2019,Fall,101,Achieve
56360,0.88325,0.9859154929999999,2019,Fall,101,Achieve
44438,0.901083333,0.845070423,2019,Fall,101,Achieve
43382,0.912666667,0.845070423,2019,Fall,101,Achieve
44786,0.912,0.9859154929999999,2019,Fall,101,Achieve
60450,0.9674166670000001,0.9859154929999999,2019,Fall,101,Achieve
96656,0.88,0.845070423,2019,Fall,101,Achieve
55708,0.996916667,0.9859154929999999,2019,Fall,101,Achieve
43272,0.6811666670000001,0.9859154929999999,2019,Fall,101,Achieve
35557,0.941416667,0.9859154929999999,2019,Fall,101,Achieve
61702,0.939583333,0.9859154929999999,2019,Fall,101,Achieve
58301,0.934666667,0.563380282,2019,Fall,101,Achieve
16124,0.9245,0.845070423,2019,Fall,101,Achieve
50711,0.9155833329999999,0.9859154929999999,2019,Fall,101,Achieve
56187,0.910833333,0.845070423,2019,Fall,101,Achieve
99338,0.9715,0.9859154929999999,2019,Fall,101,Achieve
63089,0.82,0.845070423,2019,Fall,101,Achieve
57970,0.8865833329999999,0.704225352,2019,Fall,101,Achieve
38680,0.991,0.9859154929999999,2019,Fall,101,Achieve
62738,0.9468333329999999,0.9859154929999999,2019,Fall,101,Achieve
38171,0.9265,0.9859154929999999,2019,Fall,101,Achieve
72379,0.91075,0.9859154929999999,2019,Fall,101,Achieve
33234,0.89675,0.9859154929999999,2019,Fall,101,Achieve
53894,1.0,0.9859154929999999,2019,Fall,101,Achieve
65411,0.736583333,0.9859154929999999,2019,Fall,101,Achieve
64187,0.85425,0.9859154929999999,2019,Fall,101,Achieve
38785,0.839916667,0.845070423,2019,Fall,101,Achieve
41655,0.907083333,0.9859154929999999,2019,Fall,101,Achieve
49537,0.86975,0.9859154929999999,2019,Fall,101,Achieve
16317,1.0,0.307692308,2020,Spring,101,Achieve
50925,0.7769166670000001,0.846153846,2020,Spring,101,Achieve
33252,0.92675,0.076923077,2020,Spring,101,Achieve
89827,0.84075,0.846153846,2020,Spring,101,Achieve
18163,0.975583333,0.923076923,2020,Spring,101,Achieve
82229,0.901333333,0.7692307690000001,2020,Spring,101,Achieve
63797,0.9015,0.307692308,2020,Spring,101,Achieve
17128,1.0,1.0,2020,Spring,101,Achieve
67795,0.769,0.076923077,2020,Spring,101,Achieve
36334,0.952583333,0.23076923100000002,2020,Spring,101,Achieve
07299,0.739166667,0.846153846,2020,Spring,101,Achieve
38669,0.68,0.538461538,2020,Spring,101,Achieve
19727,0.073333333,0.153846154,2020,Spring,101,Achieve
72841,0.941333333,0.846153846,2020,Spring,101,Achieve
64396,0.908083333,0.7692307690000001,2020,Spring,101,Achieve
04286,0.68,0.692307692,2020,Spring,101,Achieve
81958,0.76,1.0,2020,Spring,101,Achieve
27005,1.0,1.0,2020,Spring,101,Achieve
01993,0.9664166670000001,1.0,2020,Spring,101,Achieve
22206,0.33225,0.25,2020,Spring,102,Achieve
36415,0.952833333,0.375,2020,Spring,102,Achieve
25565,0.742583333,0.375,2020,Spring,102,Achieve
84379,0.2795,0.75,2020,Spring,102,Achieve
10041,0.8370000000000001,1.0,2020,Spring,102,Achieve
08800,1.0,1.0,2020,Spring,102,Achieve
10020,0.9278,1.0,2020,Spring,102,Achieve
09176,0.9670833329999999,0.875,2020,Spring,102,Achieve
15773,0.733,0.625,2020,Spring,102,Achieve
81204,0.0,0.0,2020,Spring,102,Achieve
06370,0.815,0.5,2020,Spring,102,Achieve
13915,0.9925,1.0,2020,Spring,102,Achieve
31591,0.5601666670000001,0.625,2020,Spring,102,Achieve
28160,1.0,0.875,2020,Spring,102,Achieve
01878,1.0,0.75,2020,Spring,102,Achieve
10666,0.845333333,0.625,2020,Spring,102,Achieve
41343,0.957583333,0.75,2020,Spring,102,Achieve
51135,1.0,0.625,2020,Spring,102,Achieve
32912,0.97925,0.75,2020,Spring,102,Achieve
35693,0.84,0.625,2020,Spring,102,Achieve
93870,1.0,1.0,2020,Spring,102,Achieve
24191,0.961166667,0.75,2020,Spring,102,Achieve
09499,0.2035,0.375,2020,Spring,102,Achieve
59643,0.983166667,0.875,2020,Spring,102,Achieve
76035,0.820416667,0.875,2020,Spring,102,Achieve
45057,0.954666667,1.0,2020,Spring,102,Achieve
90487,0.627,0.25,2020,Spring,102,Achieve
90869,1.0,0.875,2020,Spring,102,Achieve
12276,1.0,0.875,2020,Spring,102,Achieve
09137,0.9560833329999999,0.625,2020,Spring,102,Achieve
05702,0.9774166670000001,0.875,2020,Spring,102,Achieve
73514,1.0,1.0,2020,Spring,102,Achieve
64380,0.1,0.625,2020,Spring,102,Canvas
08910,0.847166667,0.75,2020,Spring,102,Canvas
22164,0.943333333,0.875,2020,Spring,102,Canvas
11768,0.0,0.375,2020,Spring,102,Canvas
98740,0.9,1.0,2020,Spring,102,Canvas
17739,0.7354166670000001,0.375,2020,Spring,102,Canvas
01216,0.0675,0.25,2020,Spring,102,Canvas
64706,0.992916667,1.0,2020,Spring,102,Canvas
28074,0.9490833329999999,0.375,2020,Spring,102,Canvas
47635,0.84625,0.875,2020,Spring,102,Canvas
45223,0.13375,0.125,2020,Spring,102,Canvas
08986,1.0275,1.0,2020,Spring,102,Canvas
65136,0.3625,0.25,2020,Spring,102,Canvas
38146,0.06,0.625,2020,Spring,102,Canvas
52687,0.0825,0.25,2020,Spring,102,Canvas
13859,1.018333333,1.0,2020,Spring,102,Canvas
28430,0.979583333,0.875,2020,Spring,102,Canvas
86369,0.987916667,0.75,2020,Spring,102,Canvas
